tick	walking_tick	ref_zmp_x	ref_zmp_y	ref_zmp_z	target_com_stance_x	target_com_stance_y	target_com_stance_z	com_stance_x	com_stance_y	com_stance_z	com_global_x	com_global_y	com_global_z	lfoot_x	lfoot_y	lfoot_z	rfoot_x	rfoot_y	rfoot_z	target_com_global_x	target_com_global_y	target_com_global_z	q_leg_desired[0..11]	q_leg_meas[0..11]	phase_indicator	swing_target_x	swing_target_y	swing_target_z	ref_vrp_world_x	ref_vrp_world_y	ref_vrp_world_z	target_com_world_x	target_com_world_y	target_com_world_z	com_world_x	com_world_y	com_world_z	stance_foot_x	stance_foot_y	stance_foot_z	swing_foot_x	swing_foot_y	swing_foot_z
0	1	0.000029	-0.113233	0.616636	0.086576	-0.117585	0.615927	0.087544	-0.118385	0.616168	-0.030630	0.041795	-0.070921	-0.012590	0.118500	0.034580	-0.015583	-0.114430	0.033977	-0.030694	0.040542	-0.071163	-0.295599	0.003174	0.008944	0.955537	-0.659539	0.000855	-0.293836	-0.002208	-0.009330	0.953335	-0.631482	-0.032285	-0.421299	0.005759	0.011383	0.939120	-0.522062	0.017907	-0.419714	0.000017	-0.007205	0.936154	-0.527171	-0.034317	0	0.087400	-0.118500	0.033978	-0.012561	0.005267	0.651216	0.073987	0.000915	0.650506	0.074954	0.000115	0.650748	-0.012590	0.118500	0.034580	-0.015583	-0.114430	0.033977
1	2	0.004024	-0.104804	0.617858	0.081297	-0.113164	0.614610	0.094161	-0.116482	0.616518	-0.029158	0.039777	-0.072250	-0.012590	0.118500	0.034580	-0.016194	-0.108731	0.032754	-0.024099	0.027493	-0.074158	-0.299371	-0.003648	0.012483	0.944371	-0.644722	0.008380	-0.297297	-0.008457	-0.005262	0.941431	-0.616073	-0.024385	-0.369553	0.002393	0.017101	0.920823	-0.518424	0.015645	-0.363349	-0.000162	-0.013727	0.911312	-0.531229	-0.032327	0	0.088270	-0.118131	0.033978	-0.008181	0.013711	0.652438	0.069122	0.005635	0.649190	0.081998	0.002365	0.651098	-0.012590	0.118500	0.034580	-0.016194	-0.108731	0.032754
2	3	0.009587	-0.093068	0.619559	0.073116	-0.106127	0.612635	0.088473	-0.115225	0.619967	-0.028979	0.039590	-0.072226	-0.012590	0.118500	0.034580	-0.018009	-0.107099	0.033314	-0.027283	0.021821	-0.079559	-0.319703	-0.012734	0.019832	0.956840	-0.636770	0.021068	-0.317214	-0.018105	0.001307	0.953224	-0.607679	-0.013023	-0.364141	-0.002303	0.004781	0.902322	-0.491215	-0.019328	-0.353881	0.006323	-0.016298	0.890186	-0.492783	-0.029448	0	0.085172	-0.119428	0.033978	-0.003876	0.025347	0.654139	0.059527	0.011692	0.647215	0.074799	0.002450	0.654547	-0.012590	0.118500	0.034580	-0.018009	-0.107099	0.033314
3	4	0.015822	-0.079913	0.621465	0.064586	-0.098495	0.610680	0.091116	-0.115129	0.621190	-0.027477	0.037804	-0.072244	-0.012590	0.118500	0.034580	-0.018284	-0.108656	0.034684	-0.025556	0.006550	-0.082754	-0.339190	-0.023232	0.027547	0.967763	-0.627855	0.034441	-0.336608	-0.028729	0.008327	0.964638	-0.599478	-0.000540	-0.344720	-0.004612	-0.006562	0.893885	-0.482211	-0.023411	-0.335200	0.008957	-0.016726	0.885448	-0.473564	-0.028407	0	0.083133	-0.120255	0.033978	0.001796	0.038316	0.656045	0.050219	0.018863	0.645260	0.076446	0.001755	0.655770	-0.012590	0.118500	0.034580	-0.018284	-0.108656	0.034684
4	5	0.021833	-0.067231	0.623303	0.056975	-0.091350	0.609067	0.090291	-0.114452	0.621861	-0.026980	0.037141	-0.072045	-0.012590	0.118500	0.034580	-0.017845	-0.109305	0.035827	-0.026246	-0.003394	-0.084839	-0.357629	-0.033263	0.034084	0.980375	-0.622042	0.046085	-0.355475	-0.039088	0.014812	0.978104	-0.593860	0.011505	-0.335115	-0.001936	-0.005370	0.891993	-0.484219	-0.022557	-0.328221	0.008019	-0.018427	0.887860	-0.470472	-0.021175	0	0.083837	-0.119972	0.033978	0.008233	0.050949	0.657883	0.043010	0.026307	0.643647	0.075976	0.002708	0.656441	-0.012590	0.118500	0.034580	-0.017845	-0.109305	0.035827
5	6	0.026724	-0.056912	0.624798	0.050529	-0.084991	0.607841	0.091750	-0.113698	0.620304	-0.026828	0.036496	-0.071640	-0.012590	0.118500	0.034580	-0.016799	-0.107908	0.035708	-0.025899	-0.013728	-0.084103	-0.373681	-0.042374	0.040093	0.991987	-0.617721	0.056913	-0.372010	-0.048198	0.020912	0.990791	-0.589840	0.022277	-0.333402	-0.002925	-0.003683	0.904307	-0.493328	-0.016826	-0.327982	0.008241	-0.019191	0.900592	-0.475268	-0.016011	0	0.084410	-0.119740	0.033978	0.013416	0.061256	0.659378	0.036866	0.032880	0.642421	0.077722	0.003656	0.654884	-0.012590	0.118500	0.034580	-0.016799	-0.107908	0.035708
6	7	0.030000	-0.050000	0.625800	0.045094	-0.079399	0.606943	0.091301	-0.113126	0.618861	-0.026755	0.036433	-0.071209	-0.012590	0.118500	0.034580	-0.017714	-0.108173	0.036004	-0.026728	-0.020773	-0.083126	-0.387432	-0.050742	0.045098	1.002030	-0.614180	0.066617	-0.385887	-0.056379	0.026323	1.001257	-0.586359	0.031893	-0.335601	-0.003342	-0.002330	0.917798	-0.507882	-0.006371	-0.327744	0.006571	-0.018735	0.914866	-0.488363	-0.015425	0	0.085406	-0.119331	0.033978	0.016989	0.068250	0.660380	0.031836	0.038725	0.641523	0.077757	0.004611	0.653441	-0.012590	0.118500	0.034580	-0.017714	-0.108173	0.036004
7	8	0.030000	-0.050000	0.625800	0.040469	-0.074492	0.606307	0.091302	-0.110780	0.617084	-0.026608	0.036622	-0.070891	-0.012590	0.118500	0.034580	-0.017020	-0.104702	0.035553	-0.025176	-0.025819	-0.081668	-0.398177	-0.058270	0.049241	1.008615	-0.610848	0.075410	-0.397707	-0.063928	0.030972	1.009661	-0.582776	0.040434	-0.336624	-0.003828	0.010124	0.930334	-0.525770	0.008623	-0.329150	0.002250	-0.020945	0.927112	-0.504610	-0.014070	0	0.088233	-0.118147	0.033978	0.017586	0.068606	0.660380	0.028141	0.044151	0.640887	0.079101	0.008042	0.651664	-0.012590	0.118500	0.034580	-0.017020	-0.104702	0.035553
8	9	0.030000	-0.050000	0.625800	0.036506	-0.070198	0.605882	0.090497	-0.109182	0.615598	-0.026655	0.037169	-0.070553	-0.012590	0.118500	0.034580	-0.017253	-0.102618	0.035614	-0.024837	-0.029400	-0.080270	-0.407382	-0.064773	0.053128	1.013684	-0.607344	0.083297	-0.415798	-0.070529	0.035302	1.034170	-0.589095	0.047914	-0.341464	-0.004271	0.018816	0.942222	-0.541104	0.018105	-0.333394	-0.001457	-0.022110	0.940782	-0.519830	-0.016143	0	0.090541	-0.117150	0.033978	0.018072	0.068903	0.660380	0.024846	0.048793	0.640462	0.079350	0.010530	0.650178	-0.012590	0.118500	0.034580	-0.017253	-0.102618	0.035614
9	10	0.030000	-0.050000	0.625800	0.033115	-0.066457	0.605633	0.090442	-0.107347	0.614207	-0.026614	0.037839	-0.070163	-0.012590	0.118500	0.034580	-0.017634	-0.101811	0.036360	-0.024108	-0.032533	-0.078738	-0.415118	-0.070753	0.056756	1.016972	-0.603134	0.090321	-0.445050	-0.076245	0.040016	1.085053	-0.610893	0.054850	-0.346799	-0.010407	0.020516	0.953309	-0.554614	0.030465	-0.339794	-0.006238	-0.020811	0.959019	-0.528548	-0.009435	0	0.091132	-0.116891	0.033978	0.018196	0.068980	0.660380	0.021571	0.052575	0.640213	0.079536	0.012595	0.648787	-0.012590	0.118500	0.034580	-0.017634	-0.101811	0.036360
10	11	0.030000	-0.050000	0.625800	0.030231	-0.063214	0.605536	0.090245	-0.106109	0.612787	-0.026602	0.038782	-0.069707	-0.012590	0.118500	0.034580	-0.016598	-0.103021	0.036895	-0.023870	-0.034935	-0.076958	-0.421378	-0.075487	0.060497	1.018631	-0.598754	0.096309	-0.480843	-0.081023	0.045546	1.151020	-0.641433	0.061337	-0.353625	-0.016134	0.022123	0.964925	-0.559703	0.037103	-0.349884	-0.014257	-0.018414	0.977470	-0.531626	-0.004453	0	0.091700	-0.116640	0.033978	0.018316	0.069055	0.660380	0.018787	0.055847	0.640116	0.079573	0.014052	0.647367	-0.012590	0.118500	0.034580	-0.016598	-0.103021	0.036895
11	12	0.030000	-0.050000	0.625800	0.027802	-0.060420	0.605570	0.089590	-0.103749	0.612220	-0.026450	0.039320	-0.069476	-0.012590	0.118500	0.034580	-0.016688	-0.100679	0.037554	-0.022644	-0.036051	-0.076126	-0.425598	-0.079439	0.063591	1.017755	-0.594147	0.101443	-0.519757	-0.085728	0.050456	1.225438	-0.677229	0.067070	-0.355474	-0.021614	0.028712	0.968121	-0.561149	0.038737	-0.354656	-0.020291	-0.018749	0.989128	-0.534788	0.001658	0	0.092738	-0.116176	0.033978	0.018534	0.069192	0.660380	0.016572	0.058725	0.640150	0.079325	0.016805	0.646800	-0.012590	0.118500	0.034580	-0.016688	-0.100679	0.037554
12	13	0.030000	-0.050000	0.625800	0.025781	-0.058029	0.605716	0.088881	-0.101158	0.611841	-0.025854	0.039941	-0.069320	-0.012590	0.118500	0.034580	-0.017266	-0.100590	0.037563	-0.021229	-0.036351	-0.075445	-0.428584	-0.082960	0.066284	1.015496	-0.589245	0.105803	-0.556930	-0.089380	0.055606	1.297026	-0.712529	0.072876	-0.354682	-0.031406	0.032837	0.968325	-0.561598	0.042051	-0.355568	-0.027109	-0.011102	0.995443	-0.538357	0.006845	0	0.092290	-0.116377	0.033978	0.018440	0.069132	0.660380	0.014388	0.061018	0.640296	0.078368	0.019206	0.646421	-0.012590	0.118500	0.034580	-0.017266	-0.100590	0.037563
13	14	0.030000	-0.050000	0.625800	0.024123	-0.056001	0.605956	0.088058	-0.098895	0.611665	-0.025169	0.040420	-0.069234	-0.012590	0.118500	0.034580	-0.017288	-0.099988	0.037304	-0.019698	-0.036377	-0.074942	-0.430515	-0.085918	0.068539	1.012483	-0.584675	0.109566	-0.590081	-0.093448	0.060952	1.359073	-0.742137	0.078080	-0.353821	-0.038675	0.038395	0.967081	-0.558035	0.050208	-0.355466	-0.036730	-0.009870	0.997531	-0.542140	0.014108	0	0.092744	-0.116174	0.033978	0.018535	0.069192	0.660380	0.012795	0.063060	0.640536	0.077686	0.021625	0.646245	-0.012590	0.118500	0.034580	-0.017288	-0.099988	0.037304
14	15	0.030000	-0.050000	0.625800	0.022788	-0.054298	0.606276	0.087951	-0.095959	0.611829	-0.024309	0.041007	-0.069188	-0.012590	0.118500	0.034580	-0.016416	-0.100619	0.037222	-0.017291	-0.036016	-0.074741	-0.431584	-0.088573	0.070331	1.008825	-0.580179	0.112654	-0.614713	-0.096323	0.066378	1.401299	-0.760790	0.083186	-0.351418	-0.048211	0.041354	0.963255	-0.555261	0.058177	-0.356114	-0.046002	-0.004607	0.997778	-0.545201	0.020023	0	0.092194	-0.116420	0.033978	0.018420	0.069120	0.660380	0.011297	0.064676	0.640856	0.077292	0.024348	0.646409	-0.012590	0.118500	0.034580	-0.016416	-0.100619	0.037222
15	16	0.030000	-0.050000	0.625800	0.021742	-0.052889	0.606663	0.087312	-0.092940	0.611907	-0.023507	0.041578	-0.069177	-0.012590	0.118500	0.034580	-0.016301	-0.100070	0.037016	-0.014796	-0.034761	-0.074422	-0.431649	-0.090854	0.071778	1.004080	-0.575736	0.115438	-0.627369	-0.099431	0.071833	1.415385	-0.763382	0.087627	-0.349620	-0.057330	0.048720	0.958278	-0.549455	0.073360	-0.356276	-0.058999	-0.003134	0.998144	-0.550938	0.029768	0	0.092719	-0.116185	0.033978	0.018530	0.069189	0.660380	0.010339	0.066114	0.641243	0.076795	0.027553	0.646487	-0.012590	0.118500	0.034580	-0.016301	-0.100070	0.037016
16	17	0.030000	-0.050000	0.625800	0.020951	-0.051745	0.607103	0.089711	-0.093119	0.612049	-0.022866	0.042051	-0.069175	-0.012590	0.118500	0.034580	-0.011966	-0.106266	0.037112	-0.013591	-0.037659	-0.074120	-0.431580	-0.092986	0.072687	1.000357	-0.572133	0.117475	-0.632086	-0.100524	0.077294	1.410091	-0.755059	0.092411	-0.344481	-0.065196	0.047581	0.952542	-0.543066	0.088007	-0.361789	-0.072285	0.006937	1.000377	-0.557777	0.041907	0	0.091679	-0.116649	0.033978	0.018311	0.069052	0.660380	0.009295	0.067144	0.641683	0.078794	0.027023	0.646629	-0.012590	0.118500	0.034580	-0.011966	-0.106266	0.037112
17	18	0.030000	-0.050000	0.625800	0.020387	-0.050838	0.607587	0.088826	-0.085468	0.611660	-0.021931	0.043319	-0.068985	-0.012590	0.118500	0.034580	-0.008394	-0.100579	0.035998	-0.007077	-0.031931	-0.073058	-0.430198	-0.094181	0.074261	0.994200	-0.567948	0.119824	-0.636803	-0.100646	0.082274	1.404227	-0.746290	0.097172	-0.341507	-0.082283	0.069705	0.944617	-0.539172	0.096332	-0.371488	-0.083951	0.020530	1.003811	-0.567410	0.061007	0	0.093043	-0.116039	0.033978	0.018598	0.069232	0.660380	0.009008	0.068164	0.642167	0.078256	0.035182	0.646240	-0.012590	0.118500	0.034580	-0.008394	-0.100579	0.035998
18	19	0.030000	-0.050000	0.625800	0.020025	-0.050147	0.608105	0.088842	-0.092775	0.612475	-0.021129	0.043844	-0.068644	-0.012590	0.118500	0.034580	-0.011384	-0.119863	0.041059	-0.012984	-0.036695	-0.073013	-0.429079	-0.095865	0.074142	0.990375	-0.565180	0.121089	-0.640307	-0.099684	0.092208	1.397981	-0.738854	0.103243	-0.334510	-0.083382	0.067428	0.936010	-0.531805	0.113020	-0.379584	-0.111878	0.041488	1.032991	-0.591773	0.077498	0	0.091179	-0.116870	0.033978	0.018206	0.068986	0.660380	0.008235	0.068680	0.642685	0.077724	0.027158	0.647055	-0.012590	0.118500	0.034580	-0.011384	-0.119863	0.041059
19	20	0.030000	-0.050000	0.625800	0.019843	-0.049651	0.608649	0.087357	-0.092527	0.612471	-0.020030	0.045114	-0.067689	-0.012590	0.118500	0.034580	-0.014909	-0.125461	0.048842	-0.012712	-0.034528	-0.071510	-0.427830	-0.097018	0.074819	0.986312	-0.562399	0.122738	-0.645102	-0.098794	0.101089	1.392890	-0.731308	0.108077	-0.330232	-0.098509	0.081771	0.928953	-0.530222	0.135310	-0.401008	-0.143095	0.057625	1.090226	-0.607690	0.110610	0	0.091659	-0.116658	0.033978	0.018307	0.069049	0.660380	0.008146	0.069215	0.643229	0.076422	0.027564	0.647051	-0.012590	0.118500	0.034580	-0.014909	-0.125461	0.048842
20	21	0.030000	-0.050000	0.625800	0.019822	-0.049332	0.609213	0.087825	-0.090548	0.612006	-0.018807	0.046490	-0.066457	-0.012590	0.118500	0.034580	-0.017866	-0.129432	0.058857	-0.010379	-0.032582	-0.069250	-0.427190	-0.097652	0.075737	0.984371	-0.561110	0.123431	-0.652202	-0.096783	0.105718	1.393132	-0.726038	0.111365	-0.327786	-0.116320	0.087074	0.929737	-0.526726	0.139558	-0.424657	-0.164937	0.076695	1.157908	-0.628182	0.133203	0	0.090160	-0.117317	0.033978	0.017992	0.068854	0.660380	0.007806	0.069403	0.643793	0.076286	0.028983	0.646586	-0.012590	0.118500	0.034580	-0.017866	-0.129432	0.058857
21	22	0.030000	-0.050000	0.625800	0.019943	-0.049174	0.609790	0.086910	-0.086894	0.612158	-0.017582	0.048031	-0.065187	-0.012590	0.118500	0.034580	-0.017327	-0.133328	0.069097	-0.006602	-0.028039	-0.067555	-0.427040	-0.098294	0.075926	0.984353	-0.561068	0.124169	-0.661402	-0.094409	0.108562	1.398022	-0.722833	0.113223	-0.321258	-0.127007	0.094292	0.931723	-0.530803	0.156411	-0.442698	-0.182160	0.094493	1.214742	-0.650892	0.148762	0	0.091398	-0.116773	0.033978	0.018252	0.069015	0.660380	0.008183	0.069671	0.644370	0.075778	0.033090	0.646738	-0.012590	0.118500	0.034580	-0.017327	-0.133328	0.069097
22	23	0.030000	-0.050000	0.625800	0.020193	-0.049164	0.610375	0.086548	-0.085321	0.612527	-0.016652	0.049089	-0.064068	-0.012590	0.118500	0.034580	-0.016453	-0.136848	0.077934	-0.005128	-0.025593	-0.066220	-0.426274	-0.098390	0.076149	0.983684	-0.561187	0.124028	-0.671440	-0.092635	0.109053	1.403841	-0.719458	0.114535	-0.314688	-0.136577	0.094721	0.932345	-0.527941	0.152380	-0.458805	-0.191415	0.111394	1.262654	-0.671089	0.177249	0	0.090382	-0.117220	0.033978	0.018038	0.068882	0.660380	0.008221	0.069595	0.644955	0.075027	0.034278	0.647107	-0.012590	0.118500	0.034580	-0.016453	-0.136848	0.077934
23	24	0.030000	-0.050000	0.625800	0.020557	-0.049290	0.610962	0.086310	-0.083313	0.613371	-0.015733	0.050169	-0.063117	-0.012590	0.118500	0.034580	-0.009872	-0.143184	0.084274	-0.002485	-0.022670	-0.065525	-0.425449	-0.098676	0.075507	0.983180	-0.561316	0.124133	-0.680002	-0.090003	0.110199	1.407249	-0.714447	0.115938	-0.306609	-0.137642	0.097747	0.932942	-0.532942	0.164784	-0.473940	-0.197636	0.129834	1.288126	-0.685287	0.193615	0	0.091652	-0.116661	0.033978	0.018305	0.069048	0.660380	0.008852	0.069588	0.645542	0.075206	0.036755	0.647951	-0.012590	0.118500	0.034580	-0.009872	-0.143184	0.084274
24	25	0.030000	-0.050000	0.625800	0.021026	-0.049542	0.611550	0.086201	-0.082101	0.614314	-0.015045	0.050966	-0.062259	-0.012590	0.118500	0.034580	-0.003607	-0.149178	0.089623	-0.001084	-0.020539	-0.065024	-0.424264	-0.098536	0.074967	0.982415	-0.561798	0.123441	-0.688381	-0.087411	0.111031	1.410634	-0.709619	0.116720	-0.297447	-0.139193	0.094707	0.933606	-0.530330	0.158962	-0.484602	-0.202017	0.143695	1.307574	-0.692721	0.200394	0	0.091350	-0.116795	0.033978	0.018242	0.069009	0.660380	0.009261	0.069316	0.646130	0.074972	0.037852	0.648894	-0.012590	0.118500	0.034580	-0.003607	-0.149178	0.089623
25	26	0.030000	-0.050000	0.625800	0.021589	-0.049912	0.612133	0.086842	-0.078212	0.615298	-0.014714	0.051387	-0.061565	-0.012590	0.118500	0.034580	0.003371	-0.149183	0.094016	0.002869	-0.017530	-0.064730	-0.422875	-0.098224	0.074513	0.981722	-0.562323	0.123003	-0.695532	-0.085331	0.110585	1.410882	-0.703024	0.116983	-0.288993	-0.142790	0.097064	0.930018	-0.532503	0.163032	-0.497623	-0.202136	0.152935	1.323979	-0.695616	0.204119	0	0.092035	-0.116491	0.033978	0.018386	0.069099	0.660380	0.009975	0.069022	0.646713	0.075771	0.042008	0.649878	-0.012590	0.118500	0.034580	0.003371	-0.149183	0.094016
26	27	0.030000	-0.050000	0.625800	0.022240	-0.050392	0.612710	0.086395	-0.076801	0.616114	-0.014745	0.051733	-0.060862	-0.012590	0.118500	0.034580	0.010525	-0.149760	0.096373	0.003294	-0.015258	-0.064265	-0.421509	-0.097557	0.074480	0.981725	-0.563790	0.121836	-0.702495	-0.083051	0.110459	1.411646	-0.697198	0.116985	-0.278503	-0.150843	0.093998	0.925664	-0.528506	0.155400	-0.508012	-0.204011	0.161158	1.335952	-0.696036	0.204465	0	0.090741	-0.117063	0.033978	0.018114	0.068929	0.660380	0.010360	0.068427	0.647290	0.074882	0.042928	0.650694	-0.012590	0.118500	0.034580	0.010525	-0.149760	0.096373
27	28	0.030000	-0.050000	0.625800	0.022972	-0.050977	0.613279	0.083517	-0.074778	0.617294	-0.014788	0.051681	-0.060433	-0.012590	0.118500	0.034580	0.011105	-0.148342	0.099515	0.003529	-0.010742	-0.064448	-0.419144	-0.096885	0.073981	0.979812	-0.563941	0.121212	-0.710305	-0.080893	0.110425	1.414757	-0.693254	0.116475	-0.272614	-0.155368	0.098176	0.917167	-0.531543	0.162291	-0.511608	-0.207420	0.165577	1.347576	-0.696238	0.205351	0	0.092256	-0.116392	0.033978	0.018433	0.069128	0.660380	0.011426	0.068006	0.647859	0.072448	0.045456	0.651874	-0.012590	0.118500	0.034580	0.011105	-0.148342	0.099515
28	29	0.030000	-0.050000	0.625800	0.023781	-0.051663	0.613838	0.087530	-0.074655	0.617348	-0.014935	0.051524	-0.059969	-0.012590	0.118500	0.034580	0.025498	-0.147282	0.098769	0.005737	-0.013015	-0.063479	-0.419077	-0.096073	0.073987	0.983409	-0.567643	0.120019	-0.714700	-0.078800	0.109792	1.411578	-0.686248	0.116081	-0.254948	-0.162178	0.096663	0.912812	-0.527309	0.159956	-0.524349	-0.208204	0.169461	1.350483	-0.697163	0.208498	0	0.091354	-0.116793	0.033978	0.018243	0.069009	0.660380	0.012053	0.067243	0.648418	0.076178	0.045320	0.651928	-0.012590	0.118500	0.034580	0.025498	-0.147282	0.098769
29	30	0.030000	-0.050000	0.625800	0.024664	-0.052445	0.614386	0.088721	-0.075244	0.617599	-0.014657	0.051240	-0.059913	-0.012590	0.118500	0.034580	0.029949	-0.145889	0.098320	0.006450	-0.013395	-0.063126	-0.417250	-0.095028	0.073435	0.983253	-0.568962	0.119153	-0.719793	-0.076824	0.109485	1.410567	-0.680937	0.115638	-0.246366	-0.164623	0.100533	0.906046	-0.531042	0.165410	-0.529104	-0.209005	0.171336	1.351122	-0.696346	0.212495	0	0.091690	-0.116644	0.033978	0.018314	0.069053	0.660380	0.013023	0.066512	0.648966	0.077484	0.044880	0.652179	-0.012590	0.118500	0.034580	0.029949	-0.145889	0.098320
30	31	0.030000	-0.050000	0.625800	0.025617	-0.053323	0.614921	0.088568	-0.076159	0.617198	-0.014955	0.050961	-0.059845	-0.012590	0.118500	0.034580	0.035557	-0.142613	0.095234	0.005485	-0.012808	-0.062121	-0.415773	-0.094042	0.072432	0.983736	-0.570733	0.117693	-0.723509	-0.074783	0.109489	1.407644	-0.675392	0.115075	-0.239625	-0.167743	0.101578	0.905228	-0.527592	0.165124	-0.529275	-0.206977	0.168015	1.344679	-0.696372	0.210696	0	0.091832	-0.116581	0.033978	0.018343	0.069072	0.660380	0.014024	0.065667	0.649501	0.077392	0.044018	0.651778	-0.012590	0.118500	0.034580	0.035557	-0.142613	0.095234
31	32	0.030000	-0.050000	0.625800	0.026639	-0.054295	0.615443	0.088771	-0.076579	0.616822	-0.015168	0.050521	-0.059987	-0.012590	0.118500	0.034580	0.041277	-0.137978	0.090844	0.005321	-0.012225	-0.061366	-0.414045	-0.092845	0.071336	0.984053	-0.572547	0.116174	-0.725526	-0.073242	0.109458	1.402264	-0.669528	0.114364	-0.233318	-0.168808	0.101832	0.904606	-0.534250	0.169556	-0.526028	-0.203108	0.159042	1.329799	-0.696006	0.210212	0	0.092257	-0.116392	0.033978	0.018433	0.069128	0.660380	0.015161	0.064765	0.650023	0.077738	0.043765	0.651402	-0.012590	0.118500	0.034580	0.041277	-0.137978	0.090844
32	33	0.030000	-0.050000	0.625800	0.027730	-0.055363	0.615950	0.089390	-0.075502	0.615905	-0.015643	0.050225	-0.060157	-0.012590	0.118500	0.034580	0.048651	-0.129981	0.084457	0.006143	-0.010873	-0.060111	-0.412288	-0.091361	0.070345	0.984441	-0.574533	0.114131	-0.724197	-0.071457	0.108543	1.390122	-0.659967	0.113087	-0.230131	-0.173648	0.102394	0.905909	-0.531620	0.164841	-0.524519	-0.195463	0.148610	1.309201	-0.691709	0.192111	0	0.091842	-0.116576	0.033978	0.018346	0.069073	0.660380	0.016176	0.063669	0.650530	0.078205	0.044694	0.650485	-0.012590	0.118500	0.034580	0.048651	-0.129981	0.084457
33	34	0.030000	-0.050000	0.625800	0.028888	-0.056527	0.616443	0.088014	-0.076152	0.615332	-0.015910	0.050160	-0.060445	-0.012590	0.118500	0.034580	0.051353	-0.126540	0.078534	0.004727	-0.008621	-0.059333	-0.409248	-0.089484	0.068983	0.982198	-0.574672	0.112522	-0.720420	-0.069917	0.106588	1.373046	-0.647224	0.112333	-0.231665	-0.173768	0.108461	0.905023	-0.538059	0.166925	-0.522883	-0.188569	0.147619	1.285604	-0.678850	0.188956	0	0.091822	-0.116585	0.033978	0.018341	0.069071	0.660380	0.017352	0.062525	0.651023	0.076835	0.044010	0.649912	-0.012590	0.118500	0.034580	0.051353	-0.126540	0.078534
34	35	0.030000	-0.050000	0.625800	0.030116	-0.057790	0.616920	0.090358	-0.078021	0.614111	-0.016182	0.049756	-0.060782	-0.012590	0.118500	0.034580	0.058590	-0.122338	0.072338	0.004745	-0.010249	-0.057973	-0.407225	-0.087770	0.067544	0.982482	-0.576618	0.110404	-0.713729	-0.068563	0.103363	1.350191	-0.632029	0.109703	-0.228350	-0.175736	0.110563	0.905952	-0.537614	0.165608	-0.522159	-0.186268	0.140762	1.264946	-0.663353	0.176305	0	0.092159	-0.116436	0.033978	0.018412	0.069115	0.660380	0.018685	0.061329	0.651500	0.079323	0.042317	0.648691	-0.012590	0.118500	0.034580	0.058590	-0.122338	0.072338
35	36	0.030000	-0.050000	0.625800	0.031414	-0.059155	0.617381	0.089604	-0.079151	0.613299	-0.016614	0.049609	-0.061085	-0.012590	0.118500	0.034580	0.060312	-0.117237	0.067105	0.003236	-0.008630	-0.057002	-0.403680	-0.085799	0.065831	0.979859	-0.577082	0.107942	-0.704835	-0.067103	0.099041	1.322851	-0.614283	0.106658	-0.232262	-0.178634	0.113068	0.906131	-0.539074	0.163464	-0.520590	-0.181691	0.135151	1.247160	-0.646805	0.160423	0	0.092143	-0.116443	0.033978	0.018409	0.069113	0.660380	0.020007	0.059988	0.651961	0.078586	0.041166	0.647879	-0.012590	0.118500	0.034580	0.060312	-0.117237	0.067105
36	37	0.030000	-0.050000	0.625800	0.032787	-0.060628	0.617827	0.092161	-0.080948	0.611955	-0.016909	0.049037	-0.061536	-0.012590	0.118500	0.034580	0.065334	-0.112189	0.061328	0.003560	-0.010285	-0.055664	-0.401263	-0.083886	0.063922	0.979822	-0.579093	0.105383	-0.693470	-0.065729	0.094243	1.291451	-0.595157	0.102631	-0.229978	-0.179443	0.114273	0.908185	-0.539428	0.162524	-0.516048	-0.179365	0.124746	1.227594	-0.628462	0.140250	0	0.092731	-0.116180	0.033978	0.018532	0.069191	0.660380	0.021558	0.058629	0.652407	0.081377	0.039656	0.646535	-0.012590	0.118500	0.034580	0.065334	-0.112189	0.061328
37	38	0.030000	-0.050000	0.625800	0.034237	-0.062213	0.618256	0.092305	-0.082379	0.611128	-0.017203	0.048755	-0.062117	-0.012590	0.118500	0.034580	0.068386	-0.108597	0.054768	0.002597	-0.009438	-0.054989	-0.397700	-0.081360	0.062284	0.977912	-0.580462	0.102417	-0.679345	-0.064099	0.089755	1.255944	-0.574258	0.099462	-0.230106	-0.179554	0.114300	0.908492	-0.543533	0.154574	-0.506469	-0.172811	0.119349	1.197229	-0.609037	0.124335	0	0.092779	-0.116158	0.033978	0.018543	0.069197	0.660380	0.023057	0.057084	0.652836	0.081569	0.038248	0.645708	-0.012590	0.118500	0.034580	0.068386	-0.108597	0.054768
38	39	0.030000	-0.050000	0.625800	0.035768	-0.063917	0.618670	0.093522	-0.084138	0.609874	-0.017231	0.048276	-0.062913	-0.012590	0.118500	0.034580	0.071423	-0.105531	0.046644	0.002316	-0.009709	-0.054117	-0.394032	-0.078992	0.060153	0.976024	-0.581826	0.099368	-0.662719	-0.062111	0.085647	1.217096	-0.552337	0.096068	-0.231196	-0.180185	0.115277	0.908722	-0.544972	0.151559	-0.494462	-0.168431	0.114420	1.158888	-0.583536	0.098312	0	0.092711	-0.116188	0.033978	0.018528	0.069188	0.660380	0.024609	0.055404	0.653250	0.082803	0.036490	0.644454	-0.012590	0.118500	0.034580	0.071423	-0.105531	0.046644
39	40	0.030000	-0.050000	0.625800	0.037388	-0.065748	0.619068	0.094859	-0.086252	0.608367	-0.017276	0.047647	-0.063870	-0.012590	0.118500	0.034580	0.075116	-0.100863	0.036755	0.001793	-0.010316	-0.053169	-0.390475	-0.076125	0.058232	0.974748	-0.583768	0.096013	-0.643318	-0.061005	0.081179	1.174002	-0.529378	0.092052	-0.230839	-0.179588	0.115706	0.909957	-0.548928	0.143572	-0.477324	-0.165704	0.101055	1.109750	-0.550870	0.078652	0	0.092383	-0.116335	0.033978	0.018459	0.069145	0.660380	0.026178	0.053556	0.653648	0.084070	0.034271	0.642947	-0.012590	0.118500	0.034580	0.075116	-0.100863	0.036755
40	41	0.030000	-0.050000	0.625800	0.039101	-0.067714	0.619451	0.095989	-0.090082	0.608346	-0.017566	0.047734	-0.064093	-0.012590	0.118500	0.034580	0.075737	-0.100555	0.036957	-0.000310	-0.010908	-0.052989	-0.385596	-0.074037	0.054595	0.970180	-0.584220	0.092170	-0.628064	-0.058773	0.074228	1.137247	-0.508186	0.087087	-0.228742	-0.170538	0.108782	0.914449	-0.550995	0.139461	-0.473659	-0.156517	0.092913	1.109980	-0.533973	0.061618	0	0.092450	-0.116305	0.033978	0.018473	0.069154	0.660380	0.027952	0.051639	0.654031	0.085306	0.030493	0.642926	-0.012590	0.118500	0.034580	0.075737	-0.100555	0.036957
41	42	0.030000	-0.050000	0.625800	0.040915	-0.069824	0.619818	0.093374	-0.090213	0.609597	-0.017902	0.047134	-0.064672	-0.012590	0.118500	0.034580	0.068446	-0.094899	0.036391	-0.001827	-0.006803	-0.054451	-0.378162	-0.071203	0.051502	0.961365	-0.582913	0.087959	-0.611839	-0.057091	0.068001	1.100677	-0.488764	0.081866	-0.234051	-0.164334	0.101778	0.910614	-0.555943	0.129513	-0.459359	-0.145140	0.075530	1.096464	-0.533650	0.060183	0	0.092342	-0.116354	0.033978	0.018451	0.069139	0.660380	0.029778	0.049548	0.654398	0.082653	0.030263	0.644177	-0.012590	0.118500	0.034580	0.068446	-0.094899	0.036391
42	43	0.030000	-0.050000	0.625800	0.042838	-0.072090	0.620171	0.100261	-0.093666	0.609638	-0.017654	0.046448	-0.065201	-0.012590	0.118500	0.034580	0.076560	-0.096280	0.034918	0.000226	-0.012232	-0.054667	-0.373473	-0.068600	0.048170	0.958280	-0.584981	0.083509	-0.594193	-0.054755	0.062138	1.063092	-0.469131	0.077105	-0.222402	-0.153971	0.089619	0.911219	-0.553167	0.120545	-0.453871	-0.135399	0.065326	1.080843	-0.525263	0.048490	0	0.091131	-0.116891	0.033978	0.018196	0.068980	0.660380	0.031381	0.047096	0.654751	0.089138	0.026429	0.644218	-0.012590	0.118500	0.034580	0.076560	-0.096280	0.034918
43	44	0.030000	-0.050000	0.625800	0.044878	-0.074522	0.620510	0.096585	-0.095224	0.612124	-0.017994	0.045489	-0.065762	-0.012590	0.118500	0.034580	0.068293	-0.094956	0.036299	-0.002766	-0.008085	-0.057376	-0.365172	-0.064887	0.045214	0.948266	-0.583211	0.079203	-0.579557	-0.052456	0.056888	1.033122	-0.454209	0.072913	-0.223092	-0.139841	0.085213	0.901342	-0.560304	0.106000	-0.438701	-0.118764	0.057679	1.068094	-0.523718	0.046193	0	0.091734	-0.116624	0.033978	0.018323	0.069059	0.660380	0.033649	0.044814	0.655090	0.085727	0.025065	0.646704	-0.012590	0.118500	0.034580	0.068293	-0.094956	0.036299
44	45	0.030000	-0.050000	0.625800	0.047047	-0.077135	0.620835	0.098152	-0.098140	0.612665	-0.018581	0.044476	-0.066121	-0.012590	0.118500	0.034580	0.069042	-0.094847	0.035278	-0.004078	-0.008841	-0.057951	-0.358980	-0.061583	0.041529	0.942898	-0.584081	0.074339	-0.564687	-0.049311	0.052064	1.004836	-0.440870	0.067894	-0.219640	-0.129896	0.078343	0.899918	-0.553759	0.096412	-0.431066	-0.109876	0.047970	1.055132	-0.514839	0.030892	0	0.091215	-0.116854	0.033978	0.018214	0.068991	0.660380	0.035696	0.042135	0.655415	0.087134	0.021958	0.647245	-0.012590	0.118500	0.034580	0.069042	-0.094847	0.035278
45	46	0.030000	-0.050000	0.625800	0.049355	-0.079944	0.621148	0.099240	-0.103038	0.613968	-0.018901	0.043548	-0.066527	-0.012590	0.118500	0.034580	0.069199	-0.102299	0.035385	-0.006840	-0.010083	-0.059348	-0.351771	-0.057736	0.037973	0.936194	-0.584789	0.069010	-0.552025	-0.046034	0.047662	0.983895	-0.432715	0.062912	-0.215149	-0.116669	0.066718	0.895359	-0.558601	0.086279	-0.421777	-0.106058	0.045131	1.041113	-0.514917	0.030843	0	0.091037	-0.116933	0.033978	0.018176	0.068968	0.660380	0.037990	0.039325	0.655728	0.088224	0.017002	0.648548	-0.012590	0.118500	0.034580	0.069199	-0.102299	0.035385
46	47	0.030000	-0.050000	0.625800	0.051816	-0.082966	0.621447	0.100260	-0.104786	0.614418	-0.019800	0.042579	-0.066750	-0.012590	0.118500	0.034580	0.069405	-0.101226	0.035187	-0.007438	-0.009094	-0.059720	-0.345567	-0.053483	0.034324	0.931824	-0.586464	0.063697	-0.541665	-0.042242	0.043323	0.968877	-0.427939	0.057494	-0.212243	-0.105616	0.064214	0.895061	-0.554247	0.077330	-0.415683	-0.097365	0.035823	1.033750	-0.506426	0.015737	0	0.091800	-0.116595	0.033978	0.018337	0.069068	0.660380	0.040764	0.036514	0.656027	0.089606	0.015601	0.648998	-0.012590	0.118500	0.034580	0.069405	-0.101226	0.035187
47	48	0.032429	-0.053329	0.625785	0.054443	-0.086218	0.621735	0.100670	-0.108479	0.615017	-0.020724	0.041434	-0.067059	-0.012590	0.118500	0.034580	0.068983	-0.102124	0.034595	-0.009949	-0.008729	-0.060341	-0.338707	-0.048619	0.030745	0.926799	-0.588228	0.057982	-0.533363	-0.038962	0.038934	0.961237	-0.428586	0.052545	-0.209312	-0.091470	0.060719	0.893407	-0.559687	0.066705	-0.408013	-0.084599	0.031163	1.022381	-0.506013	0.014429	0	0.092350	-0.116350	0.033978	0.020951	0.065863	0.660365	0.043650	0.033443	0.656315	0.090334	0.012157	0.649597	-0.012590	0.118500	0.034580	0.068983	-0.102124	0.034595
48	49	0.038769	-0.062015	0.625747	0.057244	-0.089711	0.622012	0.102319	-0.111208	0.615438	-0.021690	0.040510	-0.067274	-0.012590	0.118500	0.034580	0.069494	-0.101246	0.034526	-0.011116	-0.008297	-0.060699	-0.331592	-0.043785	0.026555	0.921695	-0.590243	0.051589	-0.526223	-0.034757	0.034616	0.957114	-0.431298	0.046568	-0.208604	-0.078371	0.051853	0.895657	-0.562218	0.060448	-0.403249	-0.071492	0.018775	1.013859	-0.498242	-0.003221	0	0.091876	-0.116562	0.033978	0.027348	0.057231	0.660327	0.046345	0.029891	0.656592	0.091819	0.009252	0.650018	-0.012590	0.118500	0.034580	0.069494	-0.101246	0.034526
49	50	0.047598	-0.074112	0.625694	0.060216	-0.093438	0.622278	0.102919	-0.114917	0.616075	-0.022691	0.039534	-0.067475	-0.012590	0.118500	0.034580	0.069434	-0.103046	0.034209	-0.013698	-0.007413	-0.061272	-0.323783	-0.038239	0.022669	0.915928	-0.592295	0.044723	-0.518587	-0.030731	0.029683	0.953088	-0.434820	0.040437	-0.208681	-0.066133	0.042774	0.895172	-0.567926	0.049122	-0.398767	-0.060873	0.011557	1.003215	-0.498394	-0.004259	0	0.091155	-0.116880	0.033978	0.036181	0.045154	0.660274	0.049104	0.026031	0.656858	0.092143	0.005234	0.650655	-0.012590	0.118500	0.034580	0.069434	-0.103046	0.034209
50	51	0.057494	-0.087670	0.625634	0.063338	-0.097371	0.622535	0.104157	-0.117106	0.616049	-0.023723	0.038515	-0.067631	-0.012590	0.118500	0.034580	0.069735	-0.102025	0.033834	-0.014395	-0.005855	-0.061145	-0.316601	-0.032426	0.018594	0.911580	-0.595059	0.037780	-0.511223	-0.025927	0.025048	0.949858	-0.438729	0.034277	-0.208869	-0.051612	0.038997	0.899705	-0.569032	0.040298	-0.394114	-0.044247	0.006053	0.995289	-0.492201	-0.017107	0	0.091684	-0.116646	0.033978	0.046485	0.031888	0.660214	0.052505	0.022294	0.657115	0.093675	0.003303	0.650629	-0.012590	0.118500	0.034580	0.069735	-0.102025	0.033834
51	52	0.067033	-0.100741	0.625577	0.066577	-0.101463	0.622783	0.104272	-0.120812	0.616425	-0.024516	0.037598	-0.067789	-0.012590	0.118500	0.034580	0.069029	-0.103251	0.033696	-0.016816	-0.004067	-0.061430	-0.308803	-0.026234	0.014734	0.906719	-0.597958	0.030541	-0.504090	-0.021075	0.020046	0.947636	-0.443594	0.027705	-0.206908	-0.039135	0.033975	0.899228	-0.574382	0.031274	-0.388523	-0.031983	0.002852	0.987926	-0.493220	-0.019234	0	0.091555	-0.116704	0.033978	0.056206	0.018954	0.660157	0.055762	0.018225	0.657363	0.093792	-0.000458	0.651005	-0.012590	0.118500	0.034580	0.069029	-0.103251	0.033696
52	53	0.074796	-0.111376	0.625530	0.069893	-0.105657	0.623023	0.104959	-0.124128	0.616063	-0.025451	0.036672	-0.067850	-0.012590	0.118500	0.034580	0.069738	-0.102333	0.033043	-0.018561	-0.002358	-0.060889	-0.301553	-0.019998	0.010753	0.902797	-0.601262	0.023208	-0.496693	-0.015600	0.015131	0.944690	-0.447780	0.020275	-0.206908	-0.024000	0.030600	0.905287	-0.576787	0.024556	-0.384381	-0.020964	-0.009187	0.980802	-0.488137	-0.030889	0	0.092159	-0.116435	0.033978	0.064436	0.008655	0.660110	0.059419	0.014274	0.657603	0.094851	-0.003486	0.650643	-0.012590	0.118500	0.034580	0.069738	-0.102333	0.033043
53	54	0.079995	-0.118500	0.625499	0.073249	-0.109902	0.623258	0.105644	-0.126093	0.616297	-0.026213	0.035953	-0.067903	-0.012590	0.118500	0.034580	0.069588	-0.102933	0.033246	-0.019284	0.000407	-0.060943	-0.293551	-0.013399	0.007146	0.897742	-0.604203	0.015506	-0.489221	-0.010210	0.010104	0.941745	-0.452209	0.013030	-0.208434	-0.014361	0.021989	0.907989	-0.583247	0.014026	-0.382046	-0.011019	-0.016177	0.975305	-0.489376	-0.035591	0	0.091325	-0.116805	0.033978	0.069363	0.001346	0.660079	0.062475	0.009830	0.657838	0.095135	-0.005819	0.650877	-0.012590	0.118500	0.034580	0.069588	-0.102933	0.033246
54	55	0.082424	-0.121829	0.625484	0.076619	-0.114161	0.623486	0.106480	-0.128108	0.615890	-0.027172	0.035139	-0.067895	-0.012590	0.118500	0.034580	0.069635	-0.101947	0.032997	-0.020020	0.002966	-0.060299	-0.285867	-0.006935	0.003563	0.893098	-0.607208	0.008066	-0.481948	-0.004443	0.005590	0.939083	-0.456840	0.006207	-0.208962	-0.005047	0.020476	0.911807	-0.584710	0.008874	-0.381629	0.002148	-0.016927	0.973660	-0.487223	-0.044014	0	0.091250	-0.116838	0.033978	0.071810	-0.001969	0.660064	0.065879	0.005603	0.658066	0.095965	-0.007856	0.650470	-0.012590	0.118500	0.034580	0.069635	-0.101947	0.032997
55	0	-0.042351	0.109949	0.617373	0.001108	0.095870	0.625794	0.025971	0.091922	0.617373	-0.028024	0.034433	-0.067885	-0.012590	0.118500	0.034580	0.069645	-0.102332	0.032668	-0.016607	0.011996	-0.059464	-0.269490	0.018955	0.006098	0.883637	-0.587938	0.007046	-0.426481	0.024600	-0.032600	0.915915	-0.490001	-0.038718	-0.209337	0.002649	0.018400	0.914184	-0.588714	0.001576	-0.381654	0.009673	-0.018976	0.973072	-0.490786	-0.050877	1	0.387400	0.118500	0.224600	0.028528	0.008084	0.650041	0.071826	-0.006480	0.658462	0.096644	-0.010706	0.650041	0.069645	-0.102332	0.032668	-0.012590	0.118500	0.034580
56	1	-0.038835	0.107036	0.617783	0.002443	0.093191	0.625783	0.026938	0.088118	0.617280	-0.028736	0.033690	-0.067904	-0.012365	0.117360	0.034989	0.069645	-0.102332	0.032668	-0.018466	0.010880	-0.059401	-0.266885	0.023214	0.004080	0.882482	-0.589408	0.002338	-0.423683	0.028774	-0.034829	0.914584	-0.491667	-0.043386	-0.208553	0.011043	0.017651	0.916494	-0.592718	-0.006374	-0.379805	0.018365	-0.023409	0.971530	-0.493320	-0.063101	1	0.387613	0.118194	0.224600	0.032114	0.005168	0.650450	0.073221	-0.009178	0.658450	0.097653	-0.014547	0.649947	0.069645	-0.102332	0.032668	-0.012365	0.117360	0.034989
57	2	-0.029660	0.099433	0.618851	0.002666	0.094453	0.625628	0.027576	0.085096	0.617019	-0.029297	0.032982	-0.067903	-0.011843	0.116886	0.034991	0.069645	-0.102332	0.032668	-0.022327	0.007301	-0.059294	-0.266979	0.021465	0.005256	0.883590	-0.590527	0.004412	-0.423835	0.027323	-0.033302	0.915878	-0.492780	-0.041310	-0.207829	0.018048	0.013151	0.918454	-0.596221	-0.013285	-0.376422	0.023223	-0.031739	0.970499	-0.496931	-0.069093	1	0.388252	0.117269	0.224600	0.041486	-0.002463	0.651519	0.073733	-0.007930	0.658295	0.098500	-0.017661	0.649686	0.069645	-0.102332	0.032668	-0.011843	0.116886	0.034991
58	3	-0.016883	0.088847	0.620340	0.002638	0.096832	0.625459	0.028418	0.081921	0.616899	-0.029774	0.032093	-0.067945	-0.012360	0.115701	0.035349	0.069645	-0.102332	0.032668	-0.026829	0.002457	-0.059384	-0.268026	0.017920	0.007289	0.886017	-0.591984	0.008518	-0.424754	0.024398	-0.030585	0.918075	-0.493861	-0.037416	-0.205247	0.025275	0.009964	0.920695	-0.598138	-0.017602	-0.371155	0.028140	-0.040390	0.967899	-0.500220	-0.079342	1	0.388452	0.116979	0.224600	0.054183	-0.013227	0.653007	0.073829	-0.005554	0.658126	0.099368	-0.020875	0.649566	0.069645	-0.102332	0.032668	-0.012360	0.115701	0.035349
59	4	-0.002563	0.076981	0.622007	0.002892	0.098776	0.625356	0.029603	0.078975	0.616664	-0.030117	0.031248	-0.067968	-0.012729	0.115001	0.035419	0.069645	-0.102332	0.032668	-0.030467	-0.002000	-0.059276	-0.268232	0.015157	0.008990	0.887793	-0.593540	0.011714	-0.425171	0.021780	-0.028385	0.920333	-0.495621	-0.034028	-0.200943	0.029093	0.005598	0.920397	-0.601757	-0.024728	-0.367218	0.036091	-0.041609	0.967209	-0.504273	-0.086236	1	0.387573	0.118251	0.224600	0.068004	-0.025325	0.654675	0.073720	-0.003597	0.658023	0.100192	-0.023717	0.649331	0.069645	-0.102332	0.032668	-0.012729	0.115001	0.035419
60	5	0.011242	0.065542	0.623615	0.003550	0.099909	0.625337	0.030742	0.076364	0.616468	-0.030307	0.030468	-0.068008	-0.013042	0.115623	0.035875	0.069645	-0.102332	0.032668	-0.033476	-0.005361	-0.059139	-0.267490	0.013505	0.010002	0.888884	-0.595436	0.013702	-0.424577	0.020330	-0.027080	0.921727	-0.497505	-0.032090	-0.195753	0.035945	0.005183	0.920278	-0.603834	-0.029594	-0.363664	0.040608	-0.044019	0.967124	-0.505407	-0.090149	1	0.388013	0.117615	0.224600	0.081803	-0.036953	0.656283	0.074592	-0.002482	0.658004	0.101452	-0.026405	0.649135	0.069645	-0.102332	0.032668	-0.013042	0.115623	0.035875
61	6	0.022476	0.056235	0.624924	0.004532	0.100357	0.625391	0.032000	0.072808	0.616093	-0.030397	0.029856	-0.068047	-0.012508	0.112557	0.035763	0.069645	-0.102332	0.032668	-0.036779	-0.008521	-0.058749	-0.265576	0.012960	0.010618	0.888500	-0.597258	0.014614	-0.423217	0.019892	-0.026503	0.922705	-0.499644	-0.031432	-0.193051	0.043180	0.009856	0.920636	-0.608493	-0.038788	-0.360298	0.046727	-0.050005	0.966212	-0.508821	-0.097749	1	0.388749	0.116546	0.224600	0.093092	-0.046495	0.657591	0.075915	-0.002068	0.658059	0.102902	-0.030089	0.648760	0.069645	-0.102332	0.032668	-0.012508	0.112557	0.035763
62	7	0.030000	0.050000	0.625800	0.005715	0.100334	0.625502	0.033702	0.070598	0.615780	-0.030728	0.029118	-0.068091	-0.012660	0.113504	0.036027	0.069645	-0.102332	0.032668	-0.038510	-0.010970	-0.058369	-0.263170	0.013000	0.010619	0.887721	-0.598809	0.014511	-0.421190	0.020193	-0.026264	0.922848	-0.501710	-0.031535	-0.190998	0.049375	0.005892	0.921275	-0.609469	-0.040993	-0.357469	0.051261	-0.053085	0.966007	-0.510211	-0.104656	1	0.388335	0.117148	0.224600	0.100414	-0.052801	0.658468	0.076909	-0.002098	0.658170	0.104433	-0.032263	0.648447	0.069645	-0.102332	0.032668	-0.012660	0.113504	0.036027
63	8	0.030000	0.050000	0.625800	0.007004	0.100002	0.625656	0.035045	0.067716	0.615688	-0.031059	0.028422	-0.068180	-0.012720	0.112818	0.036372	0.069645	-0.102332	0.032668	-0.040977	-0.013175	-0.058212	-0.260179	0.013628	0.010530	0.886084	-0.600238	0.013883	-0.418743	0.020835	-0.026621	0.922382	-0.503360	-0.032357	-0.189745	0.055912	0.004781	0.921079	-0.612939	-0.049043	-0.354009	0.053459	-0.060880	0.963519	-0.513025	-0.109977	1	0.388856	0.116390	0.224600	0.100531	-0.052874	0.658468	0.078430	-0.002471	0.658324	0.105891	-0.035251	0.648356	0.069645	-0.102332	0.032668	-0.012720	0.112818	0.036372
64	9	0.030000	0.050000	0.625800	0.008342	0.099455	0.625845	0.036218	0.065028	0.615548	-0.031472	0.027841	-0.068240	-0.013271	0.113250	0.036895	0.069645	-0.102332	0.032668	-0.043318	-0.014843	-0.057943	-0.284224	0.015486	0.008158	0.949845	-0.639737	0.011668	-0.415927	0.021958	-0.026960	0.921100	-0.504546	-0.033533	-0.190214	0.060718	-0.001125	0.922067	-0.614265	-0.054422	-0.352816	0.055274	-0.068500	0.961644	-0.512985	-0.116526	1	0.389324	0.115705	0.224600	0.100637	-0.052940	0.658468	0.079971	-0.003063	0.658513	0.107154	-0.038040	0.648216	0.069645	-0.102332	0.032668	-0.013271	0.113250	0.036895
65	10	0.030000	0.050000	0.625800	0.009707	0.098745	0.626067	0.038049	0.062502	0.615602	-0.032092	0.027235	-0.068254	-0.013884	0.115667	0.038425	0.069645	-0.102332	0.032668	-0.044975	-0.016933	-0.057789	-0.353329	0.018494	0.001592	1.121280	-0.741620	0.006792	-0.412714	0.023091	-0.027547	0.919383	-0.505927	-0.034792	-0.193392	0.065073	-0.012227	0.927428	-0.617311	-0.060994	-0.351861	0.059604	-0.071513	0.959181	-0.515477	-0.121314	1	0.388477	0.116942	0.224600	0.100446	-0.052821	0.658468	0.080940	-0.003756	0.658734	0.108695	-0.040450	0.648269	0.069645	-0.102332	0.032668	-0.013884	0.115667	0.038425
66	11	0.030000	0.050000	0.625800	0.011093	0.097903	0.626318	0.039826	0.060086	0.615696	-0.032943	0.026778	-0.068000	-0.016189	0.117587	0.042981	0.069645	-0.102332	0.032668	-0.046614	-0.018706	-0.057378	-0.451181	0.023443	-0.009871	1.360948	-0.883620	-0.000918	-0.409420	0.024387	-0.028220	0.917954	-0.507621	-0.036207	-0.204727	0.079748	-0.018293	0.956607	-0.624246	-0.068716	-0.350659	0.069404	-0.075691	0.954375	-0.515324	-0.126651	1	0.387206	0.118779	0.224600	0.100160	-0.052644	0.658468	0.081747	-0.004549	0.658986	0.110089	-0.042660	0.648363	0.069645	-0.102332	0.032668	-0.016189	0.117587	0.042981
67	12	0.030000	0.050000	0.625800	0.012499	0.096954	0.626600	0.042544	0.059382	0.615617	-0.034288	0.027092	-0.067263	-0.016473	0.119172	0.051549	0.069645	-0.102332	0.032668	-0.046875	-0.019340	-0.056280	-0.556912	0.029720	-0.025263	1.616708	-1.034053	-0.012206	-0.406412	0.025940	-0.029003	0.916997	-0.509027	-0.037999	-0.240213	0.096954	-0.029395	1.022262	-0.638526	-0.080250	-0.353497	0.078412	-0.086525	0.950685	-0.516729	-0.137043	1	0.386663	0.119556	0.224600	0.100038	-0.052569	0.658468	0.082906	-0.005479	0.659268	0.112656	-0.043286	0.648285	0.069645	-0.102332	0.032668	-0.016473	0.119172	0.051549
68	13	0.030000	0.050000	0.625800	0.013925	0.095922	0.626912	0.046172	0.057779	0.615874	-0.035967	0.027667	-0.065939	-0.015054	0.121299	0.066274	0.069645	-0.102332	0.032668	-0.047587	-0.020910	-0.054901	-0.651073	0.033944	-0.041894	1.844851	-1.167999	-0.026473	-0.404177	0.027765	-0.029760	0.917684	-0.510942	-0.040090	-0.290698	0.110624	-0.053059	1.121962	-0.666167	-0.089169	-0.353617	0.088519	-0.099703	0.947054	-0.518187	-0.154347	1	0.386076	0.120393	0.224600	0.099906	-0.052489	0.658468	0.084071	-0.006484	0.659580	0.116119	-0.044794	0.648542	0.069645	-0.102332	0.032668	-0.015054	0.121299	0.066274
69	14	0.030000	0.050000	0.625800	0.015371	0.094828	0.627254	0.048947	0.056896	0.616789	-0.038011	0.028548	-0.063947	-0.013764	0.122197	0.088062	0.069645	-0.102332	0.032668	-0.048611	-0.020988	-0.053482	-0.719586	0.039466	-0.054619	2.013213	-1.268142	-0.040539	-0.401771	0.029686	-0.030367	0.917732	-0.512653	-0.042038	-0.350498	0.119683	-0.074178	1.251413	-0.706145	-0.108307	-0.354418	0.095550	-0.109626	0.946424	-0.517679	-0.161374	1	0.385796	0.120790	0.224600	0.099844	-0.052451	0.658468	0.085393	-0.007565	0.659922	0.118818	-0.045630	0.649457	0.069645	-0.102332	0.032668	-0.013764	0.122197	0.088062
70	15	0.030000	0.050000	0.625800	0.016837	0.093693	0.627627	0.051169	0.055973	0.618750	-0.040365	0.029781	-0.061607	-0.007111	0.123305	0.112351	0.069645	-0.102332	0.032668	-0.050641	-0.020178	-0.052731	-0.766158	0.044226	-0.064552	2.114734	-1.323651	-0.052324	-0.398931	0.031718	-0.031127	0.916175	-0.513036	-0.044239	-0.418547	0.126739	-0.093181	1.380796	-0.748798	-0.118254	-0.353915	0.096922	-0.120554	0.944054	-0.518137	-0.170913	1	0.387113	0.118913	0.224600	0.100139	-0.052631	0.658468	0.087409	-0.008810	0.660295	0.121366	-0.046867	0.651418	0.069645	-0.102332	0.032668	-0.007111	0.123305	0.112351
71	16	0.030000	0.050000	0.625800	0.018323	0.092533	0.628031	0.053429	0.055614	0.621652	-0.042736	0.031574	-0.059115	0.007029	0.123959	0.134225	0.069645	-0.102332	0.032668	-0.052063	-0.018510	-0.052736	-0.794322	0.048228	-0.067280	2.140763	-1.322204	-0.058377	-0.394883	0.033686	-0.031952	0.912287	-0.512847	-0.046310	-0.494632	0.130429	-0.106867	1.491319	-0.782812	-0.139100	-0.352611	0.097024	-0.126045	0.939163	-0.516943	-0.173410	1	0.387785	0.117944	0.224600	0.100290	-0.052724	0.658468	0.089165	-0.010044	0.660699	0.123790	-0.047414	0.654319	0.069645	-0.102332	0.032668	0.007029	0.123959	0.134225
72	17	0.030000	0.050000	0.625800	0.019832	0.091364	0.628467	0.056590	0.053475	0.625462	-0.045008	0.033247	-0.056580	0.024640	0.123569	0.155622	0.069645	-0.102332	0.032668	-0.054256	-0.018726	-0.053575	-0.813775	0.050584	-0.064621	2.127275	-1.290115	-0.058946	-0.389820	0.035824	-0.032624	0.906509	-0.512206	-0.048417	-0.569482	0.130728	-0.114809	1.586255	-0.799773	-0.147968	-0.348052	0.096343	-0.125777	0.931927	-0.514621	-0.178148	1	0.388227	0.117305	0.224600	0.100389	-0.052786	0.658468	0.090840	-0.011274	0.661135	0.127028	-0.049708	0.658130	0.069645	-0.102332	0.032668	0.024640	0.123569	0.155622
73	18	0.030000	0.050000	0.625800	0.021364	0.090200	0.628937	0.059867	0.052751	0.629539	-0.046836	0.034852	-0.054454	0.044250	0.123022	0.171384	0.069645	-0.102332	0.032668	-0.054770	-0.018270	-0.055055	-0.841361	0.050680	-0.064348	2.121592	-1.257717	-0.059669	-0.384196	0.037506	-0.033794	0.899832	-0.511329	-0.050555	-0.638988	0.130421	-0.120889	1.651603	-0.802083	-0.145278	-0.339819	0.096291	-0.126419	0.918232	-0.509904	-0.172793	1	0.388486	0.116929	0.224600	0.100448	-0.052822	0.658468	0.092461	-0.012488	0.661605	0.130355	-0.050553	0.662206	0.069645	-0.102332	0.032668	0.044250	0.123022	0.171384
74	19	0.030000	0.050000	0.625800	0.022923	0.089053	0.629443	0.062418	0.052104	0.634140	-0.048292	0.036424	-0.052501	0.065307	0.122476	0.184062	0.069645	-0.102332	0.032668	-0.055398	-0.017191	-0.057199	-0.873478	0.049561	-0.065403	2.119022	-1.223970	-0.060722	-0.377867	0.039251	-0.034907	0.891881	-0.509774	-0.052815	-0.704617	0.129611	-0.124652	1.696915	-0.801936	-0.145675	-0.329482	0.096564	-0.126299	0.899381	-0.503076	-0.173647	1	0.389127	0.115994	0.224600	0.100593	-0.052912	0.658468	0.094261	-0.013732	0.662110	0.133045	-0.051426	0.666807	0.069645	-0.102332	0.032668	0.065307	0.122476	0.184062
75	20	0.030000	0.050000	0.625800	0.024513	0.087933	0.629986	0.065144	0.051700	0.638682	-0.049256	0.037740	-0.050730	0.084958	0.121982	0.195794	0.069645	-0.102332	0.032668	-0.055285	-0.016365	-0.059426	-0.906293	0.047997	-0.066772	2.116859	-1.190002	-0.061812	-0.371279	0.040841	-0.036030	0.883524	-0.508259	-0.054965	-0.762354	0.128375	-0.127464	1.733731	-0.800683	-0.148604	-0.316801	0.096845	-0.125509	0.879261	-0.495125	-0.168371	1	0.389797	0.115010	0.224600	0.100745	-0.053008	0.658468	0.096098	-0.014962	0.662653	0.135918	-0.052086	0.671349	0.069645	-0.102332	0.032668	0.084958	0.121982	0.195794
76	21	0.030000	0.050000	0.625800	0.026137	0.086851	0.630568	0.068597	0.051790	0.643134	-0.049772	0.038892	-0.048994	0.105237	0.120608	0.206788	0.069645	-0.102332	0.032668	-0.053952	-0.016014	-0.061561	-0.939737	0.046140	-0.068043	2.113767	-1.154732	-0.062599	-0.364673	0.042483	-0.036996	0.875276	-0.506773	-0.057181	-0.816879	0.127804	-0.126607	1.765689	-0.798546	-0.153405	-0.300907	0.097365	-0.124237	0.858586	-0.487782	-0.168100	1	0.390446	0.114051	0.224600	0.100892	-0.053101	0.658468	0.097957	-0.016165	0.663235	0.139522	-0.052282	0.675802	0.069645	-0.102332	0.032668	0.105237	0.120608	0.206788
77	22	0.030000	0.050000	0.625800	0.027802	0.085815	0.631192	0.070499	0.052064	0.647263	-0.049488	0.038879	-0.047619	0.108199	0.119730	0.224967	0.069645	-0.102332	0.032668	-0.052433	-0.015467	-0.063690	-0.965698	0.049419	-0.064905	2.107894	-1.124793	-0.061955	-0.357486	0.044098	-0.037836	0.866273	-0.505419	-0.059123	-0.846272	0.127080	-0.130799	1.826920	-0.787824	-0.177844	-0.285704	0.098609	-0.119349	0.838252	-0.480927	-0.164983	1	0.390340	0.114208	0.224600	0.100868	-0.053086	0.658468	0.099553	-0.017228	0.663860	0.141406	-0.052021	0.679930	0.069645	-0.102332	0.032668	0.108199	0.119730	0.224967
78	23	0.030000	0.050000	0.625800	0.029511	0.084831	0.631862	0.074223	0.052799	0.650964	-0.048991	0.038597	-0.046862	0.112783	0.117952	0.238235	0.069645	-0.102332	0.032668	-0.049176	-0.016405	-0.065964	-0.995291	0.048463	-0.063488	2.103045	-1.091588	-0.060272	-0.350165	0.045466	-0.038794	0.857076	-0.503905	-0.061104	-0.867475	0.121396	-0.131026	1.868729	-0.786284	-0.180882	-0.266512	0.098678	-0.116121	0.815055	-0.474287	-0.160112	1	0.389571	0.115342	0.224600	0.100693	-0.052976	0.658468	0.100940	-0.018142	0.664529	0.144965	-0.051110	0.683632	0.069645	-0.102332	0.032668	0.112783	0.117952	0.238235
79	24	0.030000	0.050000	0.625800	0.031273	0.083908	0.632580	0.076770	0.053433	0.653822	-0.048819	0.038425	-0.046422	0.117783	0.117568	0.245468	0.069645	-0.102332	0.032668	-0.047076	-0.016307	-0.067663	-1.027990	0.045356	-0.064524	2.098333	-1.054982	-0.059864	-0.342803	0.046795	-0.039411	0.847500	-0.501806	-0.062858	-0.886215	0.112592	-0.133812	1.887546	-0.784522	-0.184782	-0.253516	0.097502	-0.116509	0.795190	-0.468107	-0.156194	1	0.388759	0.116531	0.224600	0.100510	-0.052860	0.658468	0.102371	-0.018979	0.665248	0.147332	-0.050240	0.686490	0.069645	-0.102332	0.032668	0.117783	0.117568	0.245468
80	25	0.030000	0.050000	0.625800	0.033093	0.083052	0.633351	0.080231	0.054599	0.656213	-0.048613	0.038408	-0.046167	0.125992	0.118378	0.249071	0.069645	-0.102332	0.032668	-0.044154	-0.016471	-0.069030	-1.061046	0.040597	-0.067448	2.092674	-1.016939	-0.060710	-0.335384	0.048120	-0.039870	0.838103	-0.499833	-0.064566	-0.904086	0.107121	-0.136517	1.892745	-0.784431	-0.184906	-0.239932	0.097374	-0.116483	0.775964	-0.463601	-0.157052	1	0.388294	0.117208	0.224600	0.100405	-0.052795	0.658468	0.104001	-0.019794	0.666018	0.150700	-0.048963	0.688881	0.069645	-0.102332	0.032668	0.125992	0.118378	0.249071
81	26	0.030000	0.050000	0.625800	0.034979	0.082267	0.634178	0.082346	0.055630	0.658242	-0.048605	0.038585	-0.045776	0.133695	0.119982	0.252213	0.069645	-0.102332	0.032668	-0.042585	-0.015423	-0.069840	-1.094012	0.036471	-0.070516	2.086071	-0.978203	-0.062033	-0.327891	0.049409	-0.040045	0.828555	-0.497869	-0.065933	-0.921786	0.104326	-0.141030	1.896580	-0.781459	-0.191591	-0.229697	0.097135	-0.117059	0.760872	-0.458657	-0.153610	1	0.388482	0.116936	0.224600	0.100447	-0.052821	0.658468	0.105945	-0.020638	0.666846	0.152877	-0.048035	0.690910	0.069645	-0.102332	0.032668	0.133695	0.119982	0.252213
82	27	0.030000	0.050000	0.625800	0.036941	0.081560	0.635067	0.086043	0.057207	0.659725	-0.048442	0.038826	-0.045345	0.144482	0.120973	0.254096	0.069645	-0.102332	0.032668	-0.039663	-0.015277	-0.070003	-1.126433	0.031520	-0.073318	2.077450	-0.937843	-0.063202	-0.320797	0.050512	-0.040263	0.820151	-0.496493	-0.067362	-0.941430	0.100193	-0.144592	1.898386	-0.779866	-0.195130	-0.217467	0.097544	-0.118853	0.748165	-0.457765	-0.152845	1	0.388920	0.116296	0.224600	0.100546	-0.052883	0.658468	0.108057	-0.021454	0.667735	0.156710	-0.046693	0.692393	0.069645	-0.102332	0.032668	0.144482	0.120973	0.254096
83	28	0.030000	0.050000	0.625800	0.038987	0.080935	0.636022	0.088996	0.058866	0.661200	-0.048433	0.038964	-0.044556	0.156196	0.122820	0.256955	0.069645	-0.102332	0.032668	-0.037291	-0.014550	-0.069733	-1.158041	0.026554	-0.075796	2.067619	-0.897137	-0.064093	-0.313876	0.051699	-0.040167	0.812444	-0.495739	-0.068667	-0.961789	0.098275	-0.148262	1.902980	-0.778803	-0.197311	-0.202673	0.097433	-0.119349	0.739149	-0.457587	-0.152100	1	0.389010	0.116165	0.224600	0.100566	-0.052896	0.658468	0.110125	-0.022133	0.668690	0.159717	-0.045125	0.693868	0.069645	-0.102332	0.032668	0.156196	0.122820	0.256955
84	29	0.030000	0.050000	0.625800	0.041129	0.080396	0.637050	0.092662	0.060209	0.662550	-0.048163	0.039026	-0.043821	0.168815	0.121178	0.259365	0.069645	-0.102332	0.032668	-0.034641	-0.014643	-0.069320	-1.188503	0.022159	-0.076611	2.055269	-0.855193	-0.064025	-0.306976	0.052491	-0.040396	0.805275	-0.495380	-0.070051	-0.981748	0.092352	-0.145918	1.908110	-0.778040	-0.198776	-0.185390	0.098942	-0.121116	0.727934	-0.459575	-0.151250	1	0.389162	0.115942	0.224600	0.100601	-0.052918	0.658468	0.112312	-0.022741	0.669718	0.163448	-0.043915	0.695217	0.069645	-0.102332	0.032668	0.168815	0.121178	0.259365
85	30	0.030000	0.050000	0.625800	0.043377	0.079949	0.638157	0.096083	0.062823	0.664094	-0.048256	0.038657	-0.043094	0.181809	0.123719	0.261154	0.069645	-0.102332	0.032668	-0.031593	-0.014197	-0.069031	-1.216682	0.016577	-0.079353	2.042505	-0.815109	-0.064317	-0.299570	0.053000	-0.040560	0.797305	-0.494769	-0.071385	-1.001800	0.097006	-0.147539	1.906534	-0.778469	-0.195525	-0.166462	0.098899	-0.123808	0.714835	-0.461061	-0.147954	1	0.389294	0.115749	0.224600	0.100631	-0.052936	0.658468	0.114599	-0.023259	0.670824	0.166954	-0.041426	0.696762	0.069645	-0.102332	0.032668	0.181809	0.123719	0.261154
86	31	0.030000	0.050000	0.625800	0.045744	0.079597	0.639348	0.100686	0.065680	0.665380	-0.048032	0.038393	-0.042569	0.198330	0.123792	0.260452	0.069645	-0.102332	0.032668	-0.027472	-0.014424	-0.068602	-1.242007	0.011179	-0.081057	2.026418	-0.774446	-0.064206	-0.291861	0.053455	-0.040679	0.789391	-0.494611	-0.072567	-1.019236	0.095301	-0.142717	1.895668	-0.779423	-0.185664	-0.144995	0.099820	-0.124116	0.700739	-0.462536	-0.145082	1	0.389356	0.115659	0.224600	0.100645	-0.052945	0.658468	0.116980	-0.023670	0.672016	0.171631	-0.038689	0.698048	0.069645	-0.102332	0.032668	0.198330	0.123792	0.260452
87	32	0.030000	0.050000	0.625800	0.048241	0.079346	0.640632	0.104377	0.067896	0.667024	-0.047789	0.038122	-0.042116	0.214749	0.123287	0.259346	0.069645	-0.102332	0.032668	-0.024514	-0.014230	-0.068508	-1.264533	0.006712	-0.082192	2.008457	-0.734788	-0.063268	-0.283314	0.053659	-0.040728	0.780183	-0.494050	-0.073625	-1.034312	0.095097	-0.134080	1.879007	-0.777033	-0.164512	-0.122301	0.099922	-0.124424	0.683550	-0.463173	-0.140704	1	0.389299	0.115742	0.224600	0.100632	-0.052937	0.658468	0.119451	-0.023959	0.673300	0.175350	-0.036521	0.699692	0.069645	-0.102332	0.032668	0.214749	0.123287	0.259346
88	33	0.030000	0.050000	0.625800	0.050881	0.079200	0.642016	0.109080	0.070052	0.668456	-0.047205	0.037906	-0.041895	0.233853	0.120492	0.256282	0.069645	-0.102332	0.032668	-0.020912	-0.014815	-0.068336	-1.282366	0.004883	-0.081530	1.985363	-0.694995	-0.060888	-0.274639	0.053596	-0.040785	0.771374	-0.494018	-0.074749	-1.044973	0.094466	-0.117782	1.853304	-0.766822	-0.134755	-0.095661	0.099649	-0.124786	0.664180	-0.464301	-0.136427	1	0.389521	0.115417	0.224600	0.100682	-0.052968	0.658468	0.122168	-0.024211	0.674683	0.180163	-0.034571	0.701123	0.069645	-0.102332	0.032668	0.233853	0.120492	0.256282
89	34	0.030000	0.050000	0.625800	0.053681	0.079164	0.643507	0.112772	0.073181	0.669948	-0.046642	0.037528	-0.041853	0.251519	0.118917	0.252674	0.069645	-0.102332	0.032668	-0.017287	-0.014104	-0.068294	-1.294571	0.004674	-0.079881	1.956846	-0.655159	-0.057075	-0.264622	0.053249	-0.040793	0.760269	-0.493428	-0.075328	-1.051203	0.098182	-0.100948	1.823255	-0.748987	-0.093070	-0.069506	0.098686	-0.124384	0.642678	-0.461202	-0.123328	1	0.389662	0.115209	0.224600	0.100714	-0.052989	0.658468	0.125016	-0.024340	0.676175	0.183965	-0.031594	0.702615	0.069645	-0.102332	0.032668	0.251519	0.118917	0.252674
90	35	0.030000	0.050000	0.625800	0.056653	0.079245	0.645115	0.114069	0.075701	0.671536	-0.045946	0.037401	-0.042156	0.264773	0.115114	0.248322	0.069645	-0.102332	0.032668	-0.015601	-0.011469	-0.068577	-1.301621	0.006499	-0.076613	1.924334	-0.616760	-0.052632	-0.252549	0.053051	-0.040333	0.745233	-0.490669	-0.075599	-1.049089	0.098361	-0.080740	1.790224	-0.732700	-0.063764	-0.047784	0.098209	-0.122214	0.619336	-0.462113	-0.118393	1	0.389788	0.115024	0.224600	0.100743	-0.053007	0.658468	0.128035	-0.024358	0.677783	0.185359	-0.029169	0.704204	0.069645	-0.102332	0.032668	0.264773	0.115114	0.248322
91	36	0.030000	0.050000	0.625800	0.059817	0.079446	0.646850	0.116976	0.079674	0.672976	-0.045311	0.036576	-0.042612	0.277930	0.115590	0.244013	0.069645	-0.102332	0.032668	-0.012004	-0.009877	-0.068738	-1.303687	0.008117	-0.073861	1.888428	-0.579721	-0.047741	-0.239471	0.052727	-0.039276	0.728574	-0.487114	-0.076041	-1.045681	0.104139	-0.065152	1.756493	-0.714851	-0.039043	-0.023138	0.095456	-0.121424	0.593199	-0.462652	-0.117571	1	0.389626	0.115261	0.224600	0.100706	-0.052984	0.658468	0.131144	-0.024180	0.679518	0.188296	-0.025173	0.705644	0.069645	-0.102332	0.032668	0.277930	0.115590	0.244013
92	37	0.030000	0.050000	0.625800	0.063189	0.079776	0.648722	0.123127	0.083116	0.672905	-0.043547	0.036432	-0.043307	0.293014	0.107457	0.237485	0.069645	-0.102332	0.032668	-0.005916	-0.010339	-0.067491	-1.302243	0.013962	-0.067036	1.849025	-0.543661	-0.040845	-0.226293	0.052581	-0.038734	0.712527	-0.484964	-0.074909	-1.037252	0.102860	-0.032998	1.724424	-0.692519	-0.027170	-0.000682	0.096325	-0.113711	0.574501	-0.460259	-0.103359	1	0.388795	0.116479	0.224600	0.100518	-0.052866	0.658468	0.134223	-0.023677	0.681389	0.194211	-0.021388	0.705573	0.069645	-0.102332	0.032668	0.293014	0.107457	0.237485
93	38	0.030000	0.050000	0.625800	0.066789	0.080239	0.650742	0.127965	0.088183	0.673107	-0.042727	0.035799	-0.044287	0.306365	0.112082	0.229830	0.069645	-0.102332	0.032668	-0.000728	-0.009386	-0.066652	-1.294184	0.014857	-0.065104	1.807815	-0.511439	-0.037459	-0.210986	0.052606	-0.036242	0.691862	-0.479592	-0.074549	-1.025347	0.108544	-0.025163	1.679377	-0.661674	-0.019908	0.019124	0.089968	-0.110242	0.555258	-0.465432	-0.107144	1	0.389259	0.115801	0.224600	0.100623	-0.052931	0.658468	0.137999	-0.023422	0.683409	0.199319	-0.016682	0.705774	0.069645	-0.102332	0.032668	0.306365	0.112082	0.229830
94	39	0.030000	0.050000	0.625800	0.070638	0.080842	0.652922	0.136819	0.093930	0.672376	-0.040904	0.034937	-0.045211	0.313021	0.114933	0.226351	0.069645	-0.102332	0.032668	0.008203	-0.011321	-0.064664	-1.288589	0.014443	-0.061440	1.772352	-0.482420	-0.033873	-0.195505	0.053157	-0.033993	0.672243	-0.476072	-0.072142	-1.009896	0.114629	-0.018735	1.673113	-0.618414	-0.014577	0.041290	0.086397	-0.094306	0.540098	-0.465927	-0.100921	1	0.389198	0.115891	0.224600	0.100609	-0.052922	0.658468	0.141837	-0.022873	0.685590	0.208259	-0.011070	0.705043	0.069645	-0.102332	0.032668	0.313021	0.114933	0.226351
95	40	0.030000	0.050000	0.625800	0.074759	0.081594	0.655277	0.139170	0.097787	0.672940	-0.039519	0.034543	-0.046241	0.311858	0.113849	0.224009	0.069645	-0.102332	0.032668	0.010886	-0.008704	-0.063903	-1.281378	0.014983	-0.056504	1.737887	-0.455864	-0.028834	-0.175184	0.053051	-0.031115	0.641950	-0.466316	-0.070108	-0.991386	0.119504	-0.005250	1.665988	-0.584288	-0.000303	0.055198	0.080662	-0.086699	0.519781	-0.466812	-0.098087	1	0.390206	0.114407	0.224600	0.100837	-0.053067	0.658468	0.146342	-0.022556	0.687945	0.211123	-0.007915	0.705607	0.069645	-0.102332	0.032668	0.311858	0.113849	0.224009
96	41	0.030000	0.050000	0.625800	0.079176	0.082503	0.657820	0.146157	0.101743	0.672867	-0.037710	0.033862	-0.047208	0.313829	0.111170	0.222265	0.069645	-0.102332	0.032668	0.016587	-0.009823	-0.062255	-1.273690	0.016399	-0.050197	1.704338	-0.431126	-0.022559	-0.154490	0.052453	-0.028479	0.612038	-0.457389	-0.068055	-0.975995	0.123825	0.014423	1.665537	-0.562881	0.010157	0.075924	0.074679	-0.079200	0.496064	-0.469640	-0.091904	1	0.390600	0.113823	0.224600	0.100927	-0.053123	0.658468	0.150927	-0.021902	0.690488	0.218382	-0.004398	0.705535	0.069645	-0.102332	0.032668	0.313829	0.111170	0.222265
97	42	0.030000	0.050000	0.625800	0.083917	0.083577	0.660568	0.152478	0.105612	0.673354	-0.036019	0.033250	-0.048175	0.313371	0.111714	0.221608	0.069645	-0.102332	0.032668	0.021704	-0.009811	-0.060962	-1.264215	0.018129	-0.043669	1.673525	-0.410666	-0.016337	-0.130146	0.051736	-0.024960	0.574870	-0.445121	-0.065170	-0.959880	0.120654	0.031792	1.665281	-0.574603	0.018353	0.094485	0.063422	-0.070776	0.471750	-0.463410	-0.077095	1	0.389442	0.115532	0.224600	0.100664	-0.052957	0.658468	0.155258	-0.020493	0.693235	0.224257	0.000132	0.706022	0.069645	-0.102332	0.032668	0.313371	0.111714	0.221608
98	43	0.030000	0.050000	0.625800	0.089009	0.084826	0.663536	0.157893	0.109421	0.674152	-0.034388	0.032642	-0.049327	0.310758	0.111067	0.221165	0.069645	-0.102332	0.032668	0.025592	-0.009218	-0.059943	-1.253405	0.021178	-0.036715	1.645723	-0.394621	-0.010796	-0.102392	0.050492	-0.020872	0.530958	-0.429613	-0.062799	-0.941907	0.112916	0.052081	1.663236	-0.587164	0.020906	0.110753	0.046982	-0.068325	0.444616	-0.461067	-0.059616	1	0.389521	0.115417	0.224600	0.100682	-0.052968	0.658468	0.160405	-0.019381	0.696204	0.229787	0.003772	0.706820	0.069645	-0.102332	0.032668	0.310758	0.111067	0.221165
99	44	0.030000	0.050000	0.625800	0.094484	0.086260	0.666744	0.164520	0.112323	0.675042	-0.032979	0.032513	-0.050255	0.310923	0.109627	0.221317	0.069645	-0.102332	0.032668	0.028999	-0.009238	-0.058553	-1.238479	0.023500	-0.030005	1.615979	-0.379571	-0.007259	-0.070642	0.048926	-0.017572	0.479268	-0.410445	-0.059363	-0.933538	0.100951	0.071057	1.660176	-0.598413	0.034075	0.124414	0.032810	-0.064053	0.415581	-0.450300	-0.034728	1	0.388824	0.116437	0.224600	0.100524	-0.052870	0.658468	0.165638	-0.017754	0.699412	0.236124	0.007067	0.707709	0.069645	-0.102332	0.032668	0.310923	0.109627	0.221317
100	45	0.030000	0.050000	0.625800	0.100375	0.087892	0.670212	0.170770	0.116762	0.675705	-0.031420	0.032579	-0.051163	0.310446	0.110466	0.221349	0.069645	-0.102332	0.032668	0.032970	-0.007953	-0.056656	-1.220667	0.024773	-0.024289	1.588957	-0.370084	-0.005998	-0.035744	0.047301	-0.014021	0.421619	-0.388394	-0.056375	-0.928237	0.086063	0.081851	1.658327	-0.610154	0.036994	0.136183	0.017189	-0.063893	0.384714	-0.442365	-0.018354	1	0.389244	0.115823	0.224600	0.100619	-0.052929	0.658468	0.171723	-0.016423	0.702880	0.242671	0.011062	0.708373	0.069645	-0.102332	0.032668	0.310446	0.110466	0.221349
101	46	0.030000	0.050000	0.625800	0.106721	0.089735	0.673963	0.176208	0.116007	0.676484	-0.029844	0.032872	-0.052008	0.309594	0.102090	0.221891	0.069645	-0.102332	0.032668	0.031770	-0.008629	-0.054529	-1.201641	0.026866	-0.018614	1.566617	-0.365944	-0.005537	0.003656	0.045100	-0.012266	0.355342	-0.362137	-0.052461	-0.924402	0.066897	0.097841	1.657287	-0.621198	0.044784	0.146546	0.011701	-0.063705	0.350191	-0.429826	0.004594	1	0.389951	0.114783	0.224600	0.100780	-0.053030	0.658468	0.178389	-0.015058	0.706630	0.248457	0.009620	0.709152	0.069645	-0.102332	0.032668	0.309594	0.102090	0.221891
102	47	0.030000	0.050000	0.625800	0.113565	0.091803	0.678022	0.180845	0.123906	0.677054	-0.027955	0.033391	-0.052771	0.307890	0.108842	0.221738	0.069645	-0.102332	0.032668	0.037211	-0.002809	-0.051803	-1.178885	0.025008	-0.014823	1.547032	-0.368134	-0.005831	0.045549	0.042985	-0.009753	0.285429	-0.334742	-0.048136	-0.922101	0.051702	0.098149	1.655762	-0.630792	0.057707	0.157949	-0.004355	-0.059139	0.313784	-0.415379	0.026618	1	0.389521	0.115417	0.224600	0.100682	-0.052968	0.658468	0.185101	-0.012918	0.710689	0.253036	0.017774	0.709721	0.069645	-0.102332	0.032668	0.307890	0.108842	0.221738
103	48	0.037673	0.053030	0.630463	0.120948	0.094112	0.682414	0.186348	0.126911	0.677007	-0.026238	0.033754	-0.053637	0.307908	0.104199	0.221277	0.069645	-0.102332	0.032668	0.038056	-0.001163	-0.048231	-1.156456	0.025315	-0.009905	1.535146	-0.377807	-0.004182	0.087996	0.040493	-0.008589	0.215287	-0.307904	-0.043866	-0.917167	0.037376	0.111528	1.653299	-0.639796	0.068047	0.167954	-0.015084	-0.060572	0.281639	-0.402345	0.050407	1	0.391706	0.112172	0.224600	0.108943	-0.050494	0.663131	0.193449	-0.012010	0.715081	0.259834	0.018748	0.709675	0.069645	-0.102332	0.032668	0.307908	0.104199	0.221277
104	49	0.057699	0.060938	0.642633	0.128896	0.096670	0.687155	0.188731	0.134078	0.677064	-0.024751	0.034218	-0.054493	0.306623	0.109107	0.220008	0.069645	-0.102332	0.032668	0.039732	0.005556	-0.044401	-1.130522	0.022550	-0.005506	1.523620	-0.391864	-0.001470	0.131710	0.038158	-0.007869	0.143826	-0.281415	-0.039756	-0.909548	0.029562	0.109572	1.648348	-0.652991	0.075540	0.180064	-0.030185	-0.066718	0.247269	-0.386472	0.067894	1	0.394804	0.107446	0.224600	0.130060	-0.044086	0.675301	0.202812	-0.011634	0.719822	0.264289	0.023008	0.709731	0.069645	-0.102332	0.032668	0.306623	0.109107	0.220008
105	50	0.085584	0.071950	0.659580	0.137397	0.099472	0.692237	0.192813	0.137479	0.677016	-0.022642	0.035168	-0.055286	0.306113	0.102650	0.219933	0.069645	-0.102332	0.032668	0.039619	0.009890	-0.040065	-1.104755	0.022819	-0.000076	1.513357	-0.406337	0.001210	0.174436	0.035146	-0.008319	0.076460	-0.257089	-0.034420	-0.905483	0.014128	0.128870	1.644828	-0.663256	0.085130	0.185731	-0.042227	-0.063839	0.217732	-0.370290	0.085766	1	0.396858	0.104227	0.224600	0.159086	-0.035236	0.692248	0.212344	-0.010627	0.724905	0.269781	0.024251	0.709684	0.069645	-0.102332	0.032668	0.306113	0.102650	0.219933
106	51	0.116839	0.084291	0.678574	0.146389	0.102489	0.697622	0.193463	0.146125	0.676876	-0.021110	0.035819	-0.056017	0.305107	0.108618	0.218901	0.069645	-0.102332	0.032668	0.040899	0.019236	-0.035271	-1.074952	0.018163	0.004176	1.497668	-0.420306	0.004648	0.214444	0.032962	-0.009662	0.015837	-0.238317	-0.029783	-0.900455	0.007736	0.126018	1.640814	-0.671545	0.096838	0.193478	-0.060592	-0.074606	0.188467	-0.354613	0.100184	1	0.401322	0.096980	0.224600	0.192655	-0.027332	0.711242	0.223524	-0.011476	0.730289	0.273833	0.028388	0.709544	0.069645	-0.102332	0.032668	0.305107	0.108618	0.218901
107	52	0.146971	0.096190	0.696886	0.155762	0.105677	0.703243	0.193196	0.150893	0.677113	-0.019169	0.036883	-0.056763	0.302945	0.099778	0.219026	0.069645	-0.102332	0.032668	0.038870	0.028095	-0.030633	-1.046850	0.017843	0.009944	1.486169	-0.435662	0.009121	0.251411	0.030112	-0.012247	-0.036633	-0.224067	-0.023958	-0.894439	-0.004305	0.151235	1.634286	-0.684996	0.107871	0.195949	-0.074142	-0.081195	0.161571	-0.334727	0.114625	1	0.405378	0.090070	0.224600	0.225334	-0.021006	0.729554	0.235013	-0.012426	0.735910	0.276697	0.028904	0.709781	0.069645	-0.102332	0.032668	0.302945	0.099778	0.219026
108	53	0.171488	0.105871	0.711786	0.165391	0.108986	0.709023	0.193016	0.159002	0.676965	-0.017421	0.037381	-0.057468	0.302727	0.101327	0.218145	0.069645	-0.102332	0.032668	0.039715	0.037855	-0.025410	-1.015289	0.013416	0.014565	1.468477	-0.449410	0.013780	0.281779	0.027504	-0.015323	-0.073953	-0.219577	-0.018039	-0.891584	-0.008038	0.159069	1.628133	-0.692960	0.112791	0.200014	-0.092900	-0.094172	0.131428	-0.314462	0.132392	1	0.410688	0.080491	0.224600	0.253116	-0.018933	0.744453	0.247460	-0.015074	0.741691	0.281173	0.031058	0.709633	0.069645	-0.102332	0.032668	0.302727	0.101327	0.218145
109	54	0.187910	0.112357	0.721766	0.175158	0.112367	0.714891	0.193828	0.164273	0.676726	-0.015710	0.038060	-0.057931	0.302229	0.096980	0.218503	0.069645	-0.102332	0.032668	0.038807	0.046465	-0.019765	-0.986017	0.009291	0.018520	1.453468	-0.463358	0.017936	0.305601	0.023396	-0.018596	-0.096562	-0.221974	-0.011454	-0.890604	-0.012393	0.180630	1.625057	-0.695342	0.110724	0.205034	-0.105529	-0.099354	0.103152	-0.291093	0.149486	1	0.413335	0.075466	0.224600	0.271492	-0.017524	0.754434	0.258867	-0.015720	0.747559	0.284653	0.033044	0.709393	0.069645	-0.102332	0.032668	0.302229	0.096980	0.218503
110	55	0.195584	0.115387	0.726429	0.184978	0.115785	0.720795	0.193843	0.171701	0.676162	-0.014227	0.038366	-0.058466	0.302558	0.100678	0.217126	0.069645	-0.102332	0.032668	0.039470	0.056304	-0.013833	-0.954161	0.002530	0.022368	1.433598	-0.475928	0.022660	0.318301	0.018253	-0.021176	-0.095006	-0.237656	-0.004788	-0.887919	-0.010569	0.186589	1.619585	-0.696659	0.111997	0.212780	-0.119957	-0.106050	0.070035	-0.264126	0.165780	1	0.416586	0.069035	0.224600	0.281094	-0.019527	0.759097	0.270686	-0.017446	0.753463	0.288333	0.036347	0.708830	0.069645	-0.102332	0.032668	0.302558	0.100678	0.217126
111	0	-0.118484	-0.098333	0.493838	-0.012517	-0.109860	0.553813	-0.011930	-0.059821	0.493838	-0.012601	0.038817	-0.059180	0.303237	0.098333	0.213788	0.069645	-0.102332	0.032668	0.027398	0.068889	0.000795	-0.645217	0.037527	0.038396	1.412974	-0.763412	-0.005055	0.349956	0.010535	-0.110918	-0.075339	-0.225127	0.081583	-0.881869	-0.012700	0.200798	1.605115	-0.707713	0.139480	0.218320	-0.129903	-0.111488	0.041801	-0.229298	0.188582	0	0.687400	-0.118500	0.394600	0.186441	-0.001999	0.707627	0.292590	-0.011724	0.767601	0.292326	0.038317	0.707627	0.303237	0.098333	0.213788	0.069645	-0.102332	0.032668
112	1	-0.111269	-0.095984	0.500251	-0.011362	-0.105623	0.557451	-0.009056	-0.058343	0.498462	-0.011131	0.039008	-0.060089	0.303237	0.098333	0.213788	0.065916	-0.105012	0.040359	0.027653	0.066147	-0.001101	-0.634945	0.035890	0.050234	1.392510	-0.753111	0.003561	0.346863	0.004400	-0.113947	-0.069227	-0.228333	0.088399	-0.867654	-0.008703	0.206021	1.582796	-0.726197	0.156470	0.223331	-0.140368	-0.118344	0.032222	-0.199714	0.204508	0	0.688026	-0.117388	0.394600	0.193899	0.000155	0.714039	0.293978	-0.007495	0.771239	0.295343	0.039821	0.712250	0.303237	0.098333	0.213788	0.065916	-0.105012	0.040359
113	2	-0.092439	-0.089855	0.516985	-0.017187	-0.103858	0.557423	-0.007369	-0.055822	0.501791	-0.009670	0.039671	-0.060767	0.303237	0.098333	0.213788	0.059468	-0.106314	0.046620	0.034445	0.061066	-0.005134	-0.646539	0.037607	0.055251	1.387450	-0.735577	0.007721	0.348534	0.004422	-0.119571	-0.092326	-0.206431	0.088290	-0.854555	-0.011404	0.215328	1.562837	-0.727894	0.167090	0.225785	-0.155367	-0.115090	0.040633	-0.180535	0.207746	0	0.686703	-0.119730	0.394600	0.212046	0.007212	0.730774	0.287484	-0.005752	0.771211	0.296639	0.042414	0.715579	0.303237	0.098333	0.213788	0.059468	-0.106314	0.046620
114	3	-0.066218	-0.081320	0.540289	-0.024682	-0.102941	0.556419	-0.003608	-0.052642	0.505010	-0.008719	0.040818	-0.061683	0.303237	0.098333	0.213788	0.062998	-0.105993	0.050740	0.044100	0.054393	-0.010274	-0.663657	0.041605	0.059536	1.385370	-0.714965	0.010406	0.361599	0.005309	-0.128937	-0.140128	-0.169569	0.086599	-0.834469	-0.012376	0.226966	1.542477	-0.729536	0.171040	0.207897	-0.166428	-0.101216	0.068185	-0.169457	0.212022	0	0.685640	-0.121589	0.394600	0.237749	0.016425	0.754077	0.279476	-0.004825	0.770208	0.300100	0.045660	0.718798	0.303237	0.098333	0.213788	0.062998	-0.105993	0.050740
115	4	-0.036829	-0.071753	0.566408	-0.030913	-0.101947	0.555999	-0.001421	-0.050257	0.508742	-0.007584	0.041949	-0.062367	0.303237	0.098333	0.213788	0.060345	-0.108269	0.057670	0.051442	0.049530	-0.015110	-0.677229	0.045276	0.064701	1.381780	-0.696268	0.013723	0.392660	0.004236	-0.146190	-0.222177	-0.113951	0.084093	-0.814211	-0.010740	0.238938	1.520456	-0.730081	0.182812	0.181870	-0.180993	-0.076535	0.131829	-0.177136	0.218313	0	0.685174	-0.122397	0.394600	0.266899	0.026330	0.780196	0.273020	-0.003823	0.769787	0.302159	0.048068	0.722530	0.303237	0.098333	0.213788	0.060345	-0.108269	0.057670
116	5	-0.008496	-0.062531	0.591588	-0.035198	-0.100636	0.556526	0.003074	-0.047867	0.512841	-0.007027	0.043817	-0.063061	0.303237	0.098333	0.213788	0.064550	-0.109130	0.065795	0.058155	0.044626	-0.019376	-0.683983	0.047613	0.069834	1.374037	-0.680753	0.018095	0.416651	-0.004328	-0.166573	-0.281511	-0.072928	0.082617	-0.789361	-0.013646	0.245875	1.497387	-0.728565	0.189407	0.129928	-0.189966	-0.048532	0.240290	-0.203748	0.218256	0	0.683772	-0.124805	0.394600	0.294773	0.035798	0.805376	0.268090	-0.002321	0.770314	0.306335	0.050467	0.726629	0.303237	0.098333	0.213788	0.064550	-0.109130	0.065795
117	6	0.014558	-0.055027	0.612076	-0.037829	-0.099075	0.557825	0.005518	-0.045543	0.517844	-0.006517	0.044787	-0.063273	0.303237	0.098333	0.213788	0.059920	-0.106191	0.079906	0.062304	0.041908	-0.023292	-0.685313	0.048964	0.075614	1.363013	-0.667726	0.023003	0.402848	-0.014249	-0.178849	-0.262849	-0.075258	0.082367	-0.765081	-0.015444	0.249879	1.472911	-0.727937	0.195559	0.085494	-0.195088	-0.035127	0.371777	-0.252915	0.216140	0	0.683537	-0.125206	0.394600	0.317765	0.043298	0.825864	0.265354	-0.000721	0.771613	0.308730	0.052787	0.731632	0.303237	0.098333	0.213788	0.059920	-0.106191	0.079906
118	7	0.030000	-0.050000	0.625800	-0.039265	-0.097386	0.559615	0.008530	-0.042588	0.523468	-0.006210	0.045618	-0.063176	0.303237	0.098333	0.213788	0.058311	-0.100586	0.097597	0.066273	0.039838	-0.027029	-0.682667	0.049431	0.081295	1.349825	-0.656877	0.028187	0.361705	-0.019865	-0.184090	-0.186367	-0.111120	0.082913	-0.736481	-0.020208	0.250134	1.447277	-0.727024	0.202385	0.040412	-0.200525	-0.037805	0.514233	-0.323243	0.214007	0	0.683274	-0.125653	0.394600	0.333151	0.048281	0.839588	0.263804	0.001015	0.773403	0.311694	0.055730	0.737256	0.303237	0.098333	0.213788	0.058311	-0.100586	0.097597
119	8	0.030000	-0.050000	0.625800	-0.039860	-0.095661	0.561678	0.011151	-0.039552	0.529019	-0.006128	0.046572	-0.062701	0.303237	0.098333	0.213788	0.061378	-0.095476	0.116406	0.069306	0.038817	-0.030043	-0.678032	0.048760	0.086197	1.336291	-0.648082	0.033077	0.312257	-0.025285	-0.187276	-0.092385	-0.156080	0.082387	-0.706006	-0.026412	0.248513	1.423219	-0.724474	0.205353	-0.005028	-0.205801	-0.038836	0.653723	-0.394455	0.211972	0	0.682766	-0.126512	0.394600	0.333038	0.048214	0.839588	0.262996	0.002832	0.775466	0.314231	0.058737	0.742808	0.303237	0.098333	0.213788	0.061378	-0.095476	0.116406
120	9	0.030000	-0.050000	0.625800	-0.039829	-0.093952	0.563886	0.013597	-0.037009	0.535010	-0.006264	0.047067	-0.062144	0.303237	0.098333	0.213788	0.067180	-0.091180	0.135651	0.071284	0.037948	-0.033267	-0.671869	0.047523	0.091133	1.322373	-0.640407	0.038072	0.220583	-0.035798	-0.176572	0.105350	-0.263577	0.086907	-0.673750	-0.032386	0.244884	1.397618	-0.723283	0.219739	-0.042926	-0.209670	-0.041046	0.774933	-0.461791	0.213926	0	0.683011	-0.126098	0.394600	0.333092	0.048246	0.839588	0.263136	0.004497	0.777675	0.316727	0.061285	0.748798	0.303237	0.098333	0.213788	0.067180	-0.091180	0.135651
121	10	0.030000	-0.050000	0.625800	-0.039288	-0.092280	0.566182	0.015841	-0.035369	0.541819	-0.006467	0.047057	-0.061584	0.303237	0.098333	0.213788	0.073223	-0.088309	0.156273	0.072081	0.036661	-0.037221	-0.663599	0.045513	0.095750	1.307177	-0.634286	0.042759	0.073527	-0.055764	-0.145631	0.448487	-0.462281	0.100125	-0.641093	-0.039570	0.234546	1.369470	-0.722465	0.234944	-0.071969	-0.209286	-0.043042	0.881732	-0.526451	0.217276	0	0.683329	-0.125560	0.394600	0.333163	0.048289	0.839588	0.263813	0.006112	0.779970	0.319026	0.062940	0.755607	0.303237	0.098333	0.213788	0.073223	-0.088309	0.156273
122	11	0.030000	-0.050000	0.625800	-0.038305	-0.090652	0.568541	0.018712	-0.032848	0.548391	-0.006881	0.046977	-0.061110	0.303237	0.098333	0.213788	0.084820	-0.086096	0.173469	0.073532	0.035753	-0.040960	-0.654978	0.043061	0.099885	1.293676	-0.630158	0.046964	-0.088922	-0.081144	-0.106046	0.853968	-0.707963	0.119409	-0.608820	-0.049149	0.226577	1.339421	-0.719909	0.244927	-0.102828	-0.210087	-0.043912	0.967797	-0.581838	0.223543	0	0.683762	-0.124823	0.394600	0.333260	0.048347	0.839588	0.264974	0.007663	0.782329	0.321964	0.065493	0.762179	0.303237	0.098333	0.213788	0.084820	-0.086096	0.173469
123	12	0.030000	-0.050000	0.625800	-0.036935	-0.089075	0.570949	0.022713	-0.031385	0.554994	-0.007480	0.046924	-0.060597	0.303237	0.098333	0.213788	0.098971	-0.085091	0.191373	0.074416	0.033545	-0.044642	-0.646065	0.039752	0.103170	1.280827	-0.627305	0.050688	-0.250546	-0.107673	-0.063695	1.273095	-0.967630	0.140863	-0.575447	-0.058847	0.219507	1.308017	-0.710832	0.236692	-0.139677	-0.211289	-0.038662	1.056640	-0.633287	0.222596	0	0.683826	-0.124713	0.394600	0.333275	0.048355	0.839588	0.266369	0.009231	0.784737	0.325974	0.066965	0.768782	0.303237	0.098333	0.213788	0.098971	-0.085091	0.191373
124	13	0.030000	-0.050000	0.625800	-0.035227	-0.087551	0.573393	0.024410	-0.030243	0.561616	-0.007798	0.047037	-0.059586	0.303237	0.098333	0.213788	0.105264	-0.083369	0.216099	0.073796	0.033495	-0.047809	-0.636068	0.035749	0.105712	1.267138	-0.624820	0.053841	-0.387951	-0.131404	-0.027322	1.648317	-1.207093	0.161715	-0.549123	-0.068520	0.211137	1.278394	-0.700952	0.234452	-0.176621	-0.211468	-0.028618	1.169089	-0.650090	0.209914	0	0.683982	-0.124447	0.394600	0.333310	0.048376	0.839588	0.268137	0.010731	0.787181	0.327691	0.068126	0.775404	0.303237	0.098333	0.213788	0.105264	-0.083369	0.216099
125	14	0.030000	-0.050000	0.625800	-0.033228	-0.086086	0.575860	0.029945	-0.030132	0.567563	-0.008125	0.046300	-0.058692	0.303237	0.098333	0.213788	0.111815	-0.082750	0.243358	0.074501	0.029141	-0.050394	-0.626421	0.030694	0.107072	1.253567	-0.622007	0.057063	-0.487042	-0.146638	0.000450	1.940004	-1.401006	0.177993	-0.522073	-0.073905	0.203784	1.252742	-0.689230	0.241053	-0.210718	-0.205417	-0.011383	1.282408	-0.699021	0.216878	0	0.684055	-0.124321	0.394600	0.333326	0.048386	0.839588	0.270163	0.012188	0.789648	0.333236	0.068254	0.781351	0.303237	0.098333	0.213788	0.111815	-0.082750	0.243358
126	15	0.030000	-0.050000	0.625800	-0.030977	-0.084683	0.578340	0.033633	-0.030606	0.574021	-0.008221	0.046148	-0.057578	0.303237	0.098333	0.213788	0.117827	-0.082546	0.271744	0.073643	0.026217	-0.053260	-0.615338	0.025964	0.108233	1.238113	-0.619232	0.059452	-0.546749	-0.156554	0.017457	2.123098	-1.525995	0.188894	-0.497879	-0.077689	0.192442	1.226912	-0.678935	0.222479	-0.245462	-0.202869	0.000121	1.393656	-0.745260	0.229505	0	0.682695	-0.126632	0.394600	0.333022	0.048204	0.839588	0.271896	0.013784	0.792128	0.336738	0.067583	0.787809	0.303237	0.098333	0.213788	0.117827	-0.082546	0.271744
127	16	0.030000	-0.050000	0.625800	-0.028511	-0.083348	0.580822	0.040343	-0.028393	0.580155	-0.008313	0.047023	-0.056634	0.303237	0.098333	0.213788	0.134141	-0.080950	0.293856	0.076680	0.023849	-0.055966	-0.604337	0.020256	0.108267	1.222577	-0.615704	0.062321	-0.582857	-0.150999	0.028802	2.184215	-1.552773	0.187711	-0.474562	-0.078550	0.185880	1.200792	-0.660787	0.216580	-0.294269	-0.203542	0.002960	1.482286	-0.783548	0.189380	0	0.681773	-0.128181	0.394600	0.332817	0.048083	0.839588	0.274028	0.015227	0.794611	0.343341	0.069603	0.793943	0.303237	0.098333	0.213788	0.134141	-0.080950	0.293856
128	17	0.030000	-0.050000	0.625800	-0.025859	-0.082081	0.583301	0.044172	-0.027868	0.586037	-0.008999	0.048501	-0.055730	0.303237	0.098333	0.213788	0.151257	-0.084182	0.309308	0.076075	0.023885	-0.058467	-0.592376	0.015590	0.108869	1.206319	-0.611883	0.065090	-0.614547	-0.145808	0.033339	2.182534	-1.521166	0.183516	-0.456368	-0.079658	0.182759	1.173478	-0.649283	0.207881	-0.347592	-0.208724	0.014195	1.545997	-0.788924	0.178024	0	0.681629	-0.128421	0.394600	0.332785	0.048064	0.839588	0.276639	0.016488	0.797089	0.347156	0.070067	0.799825	0.303237	0.098333	0.213788	0.151257	-0.084182	0.309308
129	18	0.030000	-0.050000	0.625800	-0.023047	-0.080888	0.585769	0.049594	-0.025676	0.591870	-0.009822	0.050271	-0.054909	0.303237	0.098333	0.213788	0.173194	-0.085586	0.321556	0.077601	0.024151	-0.061010	-0.580304	0.010681	0.109339	1.190952	-0.608835	0.067980	-0.655226	-0.140566	0.036051	2.184888	-1.484645	0.177347	-0.436912	-0.084524	0.180670	1.143046	-0.638517	0.218117	-0.406684	-0.207923	0.026020	1.597257	-0.789002	0.177978	0	0.681671	-0.128351	0.394600	0.332794	0.048070	0.839588	0.279476	0.017652	0.799557	0.352602	0.072219	0.805658	0.303237	0.098333	0.213788	0.173194	-0.085586	0.321556
130	19	0.030000	-0.050000	0.625800	-0.020097	-0.079769	0.588223	0.054260	-0.026667	0.597226	-0.010828	0.052067	-0.054013	0.303237	0.098333	0.213788	0.197051	-0.095057	0.329918	0.075994	0.023592	-0.063016	-0.568139	0.005849	0.108967	1.175192	-0.605885	0.070094	-0.703107	-0.137139	0.042255	2.191664	-1.445578	0.173931	-0.417541	-0.087081	0.176197	1.117053	-0.622931	0.201277	-0.463910	-0.210888	0.046818	1.630374	-0.784554	0.188265	0	0.682387	-0.127151	0.394600	0.332953	0.048164	0.839588	0.282689	0.018679	0.802011	0.357345	0.071359	0.811014	0.303237	0.098333	0.213788	0.197051	-0.095057	0.329918
131	20	0.030000	-0.050000	0.625800	-0.017025	-0.078727	0.590660	0.059367	-0.024838	0.602021	-0.011893	0.053836	-0.052996	0.303237	0.098333	0.213788	0.223220	-0.101544	0.336547	0.076788	0.024250	-0.064357	-0.556154	0.000389	0.108033	1.160530	-0.604020	0.071928	-0.754586	-0.131245	0.045822	2.197693	-1.401860	0.167222	-0.398988	-0.094188	0.168175	1.093720	-0.614093	0.213040	-0.520147	-0.202937	0.067160	1.654944	-0.778904	0.200889	0	0.682544	-0.126887	0.394600	0.332988	0.048184	0.839588	0.285821	0.019692	0.804448	0.362480	0.073200	0.815810	0.303237	0.098333	0.213788	0.223220	-0.101544	0.336547
132	21	0.030000	-0.050000	0.625800	-0.013845	-0.077763	0.593079	0.064403	-0.027629	0.606564	-0.012841	0.055252	-0.051797	0.303237	0.098333	0.213788	0.246136	-0.114129	0.345648	0.073806	0.021659	-0.065283	-0.543726	-0.004574	0.106980	1.145233	-0.602544	0.072651	-0.805726	-0.125166	0.053662	2.203069	-1.357763	0.164002	-0.382396	-0.101858	0.154650	1.074409	-0.607158	0.202507	-0.573172	-0.204284	0.094908	1.684797	-0.776186	0.207032	0	0.681800	-0.128135	0.394600	0.332823	0.048087	0.839588	0.288749	0.020687	0.806867	0.367410	0.070172	0.820353	0.303237	0.098333	0.213788	0.246136	-0.114129	0.345648
133	22	0.030000	-0.050000	0.625800	-0.010569	-0.076880	0.595479	0.068975	-0.025838	0.610595	-0.014165	0.056401	-0.050295	0.303237	0.098333	0.213788	0.270743	-0.120113	0.356072	0.074398	0.023398	-0.065411	-0.532338	-0.009971	0.104807	1.131439	-0.600896	0.074096	-0.855805	-0.118971	0.057744	2.204218	-1.310838	0.157760	-0.364576	-0.104798	0.146494	1.059742	-0.603406	0.212888	-0.622600	-0.202162	0.111166	1.717658	-0.771415	0.217697	0	0.684590	-0.123405	0.394600	0.333446	0.048459	0.839588	0.292990	0.021410	0.809267	0.372320	0.072784	0.824383	0.303237	0.098333	0.213788	0.270743	-0.120113	0.356072
134	23	0.030000	-0.050000	0.625800	-0.007204	-0.076079	0.597862	0.074327	-0.027112	0.614356	-0.015033	0.057324	-0.048859	0.303237	0.098333	0.213788	0.291866	-0.126537	0.366894	0.072972	0.021265	-0.065353	-0.520556	-0.014151	0.103956	1.118166	-0.600422	0.074616	-0.907176	-0.110567	0.062883	2.204308	-1.261007	0.152014	-0.348171	-0.114599	0.135968	1.043039	-0.603205	0.205821	-0.673170	-0.199187	0.135151	1.754320	-0.770414	0.219944	0	0.684033	-0.124360	0.394600	0.333321	0.048383	0.839588	0.296161	0.022242	0.811650	0.377610	0.071346	0.828144	0.303237	0.098333	0.213788	0.291866	-0.126537	0.366894
135	24	0.030000	-0.050000	0.625800	-0.003755	-0.075361	0.600229	0.082117	-0.025689	0.617498	-0.015620	0.057910	-0.047232	0.303237	0.098333	0.213788	0.317870	-0.132463	0.377583	0.075555	0.018816	-0.064500	-0.510820	-0.019238	0.101800	1.108866	-0.602214	0.074958	-0.958697	-0.101228	0.068190	2.202741	-1.209442	0.146071	-0.323636	-0.122678	0.122643	1.031815	-0.601668	0.209315	-0.718474	-0.197858	0.155092	1.785400	-0.769722	0.221489	0	0.684088	-0.124267	0.394600	0.333333	0.048391	0.839588	0.299627	0.022965	0.814017	0.385403	0.072801	0.831286	0.303237	0.098333	0.213788	0.317870	-0.132463	0.377583
136	25	0.030000	-0.050000	0.625800	-0.000224	-0.074728	0.602583	0.083817	-0.027579	0.621549	-0.016161	0.058471	-0.045850	0.303237	0.098333	0.213788	0.330821	-0.139046	0.389620	0.071952	0.019459	-0.064816	-0.498124	-0.023310	0.099924	1.093338	-0.599757	0.075755	-1.010078	-0.091007	0.073471	2.201023	-1.157542	0.140368	-0.309617	-0.126112	0.116001	1.014626	-0.599231	0.203750	-0.756227	-0.195583	0.179304	1.818262	-0.768624	0.223916	0	0.684401	-0.123729	0.394600	0.333404	0.048433	0.839588	0.303262	0.023605	0.816371	0.387146	0.071033	0.835337	0.303237	0.098333	0.213788	0.330821	-0.139046	0.389620
137	26	0.030000	-0.050000	0.625800	0.003388	-0.074182	0.604928	0.094531	-0.026541	0.624645	-0.016522	0.058091	-0.044659	0.303237	0.098333	0.213788	0.355045	-0.139647	0.400610	0.075999	0.013184	-0.064375	-0.488541	-0.028174	0.097967	1.085175	-0.602866	0.075365	-1.060992	-0.080492	0.074066	2.193368	-1.100625	0.130887	-0.280497	-0.135120	0.099154	0.998954	-0.598232	0.205140	-0.794099	-0.187452	0.188946	1.851259	-0.768558	0.223877	0	0.683185	-0.125804	0.394600	0.333131	0.048269	0.839588	0.306468	0.024144	0.818716	0.397712	0.071591	0.838433	0.303237	0.098333	0.213788	0.355045	-0.139647	0.400610
138	27	0.030000	-0.050000	0.625800	0.007085	-0.073724	0.607268	0.099981	-0.029594	0.628705	-0.017092	0.057759	-0.043838	0.303237	0.098333	0.213788	0.369066	-0.147288	0.411630	0.073446	0.008974	-0.065274	-0.475835	-0.032707	0.094896	1.069597	-0.600962	0.074909	-1.111837	-0.068326	0.078302	2.188250	-1.045895	0.124108	-0.260572	-0.134975	0.082320	0.981484	-0.591285	0.190941	-0.820663	-0.184504	0.204240	1.875044	-0.768399	0.224253	0	0.682243	-0.127394	0.394600	0.332921	0.048145	0.839588	0.309857	0.024566	0.821056	0.403029	0.068109	0.842493	0.303237	0.098333	0.213788	0.369066	-0.147288	0.411630
139	28	0.030000	-0.050000	0.625800	0.010870	-0.073355	0.609609	0.106384	-0.027982	0.632549	-0.018052	0.057029	-0.043310	0.303237	0.098333	0.213788	0.386310	-0.147619	0.420444	0.075106	0.006995	-0.066250	-0.463176	-0.037374	0.091834	1.054676	-0.599954	0.074215	-1.161803	-0.055794	0.078804	2.177230	-0.986257	0.116049	-0.239037	-0.136773	0.064562	0.961533	-0.588588	0.188690	-0.842522	-0.168141	0.209503	1.890913	-0.768271	0.224442	0	0.682546	-0.126883	0.394600	0.332989	0.048185	0.839588	0.313744	0.024924	0.823397	0.409481	0.069824	0.846337	0.303237	0.098333	0.213788	0.386310	-0.147619	0.420444
140	29	0.030000	-0.050000	0.625800	0.014752	-0.073079	0.611957	0.113509	-0.028100	0.636504	-0.019113	0.056111	-0.043080	0.303237	0.098333	0.213788	0.403771	-0.149967	0.426789	0.075271	0.002558	-0.067627	-0.450153	-0.041900	0.088533	1.039150	-0.598495	0.073029	-1.209997	-0.042906	0.079622	2.162708	-0.924646	0.110154	-0.215874	-0.136415	0.044260	0.939487	-0.582116	0.177923	-0.862634	-0.148719	0.213266	1.896835	-0.767663	0.225808	0	0.680936	-0.129573	0.394600	0.332632	0.047974	0.839588	0.317106	0.025081	0.825745	0.416399	0.068865	0.850292	0.303237	0.098333	0.213788	0.403771	-0.149967	0.426789
141	30	0.030000	-0.050000	0.625800	0.018737	-0.072896	0.614319	0.120732	-0.027162	0.640739	-0.020457	0.054996	-0.043039	0.303237	0.098333	0.213788	0.422529	-0.148966	0.431635	0.076180	-0.001181	-0.069459	-0.436528	-0.046352	0.085331	1.022766	-0.596731	0.071395	-1.254252	-0.031949	0.079154	2.143430	-0.862651	0.104429	-0.191645	-0.136160	0.022431	0.913349	-0.575571	0.166866	-0.881638	-0.130371	0.207628	1.896682	-0.767594	0.225638	0	0.679880	-0.131314	0.394600	0.332399	0.047839	0.839588	0.320755	0.025134	0.828107	0.423499	0.069160	0.854527	0.303237	0.098333	0.213788	0.422529	-0.148966	0.431635
142	31	0.030000	-0.050000	0.625800	0.022837	-0.072810	0.616702	0.126897	-0.029732	0.645555	-0.021556	0.054094	-0.043031	0.303237	0.098333	0.213788	0.439323	-0.152577	0.435995	0.073600	-0.006154	-0.071884	-0.421372	-0.050808	0.081637	1.003601	-0.593281	0.069900	-1.295534	-0.020482	0.080711	2.122249	-0.801325	0.100911	-0.168627	-0.133415	0.001915	0.882653	-0.565981	0.157119	-0.902935	-0.117145	0.207092	1.891841	-0.767253	0.226423	0	0.677835	-0.134635	0.394600	0.331951	0.047583	0.839588	0.324209	0.024963	0.830490	0.429334	0.065371	0.859343	0.303237	0.098333	0.213788	0.439323	-0.152577	0.435995
143	32	0.030000	-0.050000	0.625800	0.027064	-0.072823	0.619114	0.133551	-0.030127	0.649416	-0.023107	0.052997	-0.043176	0.303237	0.098333	0.213788	0.460626	-0.149894	0.435591	0.072794	-0.009977	-0.073479	-0.406616	-0.054562	0.078802	0.984966	-0.589751	0.067568	-1.329756	-0.012360	0.080315	2.094377	-0.741028	0.097067	-0.145924	-0.134574	-0.020677	0.854436	-0.554757	0.136480	-0.922008	-0.102896	0.194343	1.873775	-0.767102	0.226180	0	0.676561	-0.136670	0.394600	0.331675	0.047428	0.839588	0.328033	0.024706	0.832902	0.435792	0.064085	0.863205	0.303237	0.098333	0.213788	0.460626	-0.149894	0.435591
144	33	0.030000	-0.050000	0.625800	0.031430	-0.072939	0.621564	0.140793	-0.031763	0.653052	-0.024271	0.051971	-0.043466	0.303237	0.098333	0.213788	0.482465	-0.151563	0.433851	0.071589	-0.014862	-0.074954	-0.391003	-0.058529	0.074912	0.965218	-0.585675	0.065747	-1.357370	-0.002886	0.082169	2.061990	-0.682202	0.095663	-0.123281	-0.132308	-0.040510	0.825077	-0.541850	0.125118	-0.939529	-0.091834	0.189147	1.845532	-0.767010	0.226230	0	0.675012	-0.139114	0.394600	0.331340	0.047242	0.839588	0.331908	0.024266	0.835352	0.442740	0.061309	0.866840	0.303237	0.098333	0.213788	0.482465	-0.151563	0.433851
145	34	0.030000	-0.050000	0.625800	0.035951	-0.073162	0.624060	0.147594	-0.032609	0.656302	-0.025667	0.050875	-0.043979	0.303237	0.098333	0.213788	0.506311	-0.148310	0.429574	0.071313	-0.017708	-0.076221	-0.374469	-0.061882	0.070945	0.944815	-0.581247	0.064253	-1.375609	0.003276	0.082027	2.020644	-0.624352	0.093134	-0.100348	-0.127970	-0.054813	0.794287	-0.531350	0.115046	-0.952611	-0.081216	0.176760	1.807225	-0.766706	0.225441	0	0.676188	-0.137263	0.394600	0.331594	0.047383	0.839588	0.336788	0.024039	0.837849	0.449692	0.060936	0.870090	0.303237	0.098333	0.213788	0.506311	-0.148310	0.429574
146	35	0.030000	-0.050000	0.625800	0.040645	-0.073496	0.626614	0.152482	-0.034054	0.659665	-0.026911	0.050015	-0.044500	0.303237	0.098333	0.213788	0.529470	-0.147618	0.425147	0.069789	-0.018632	-0.077550	-0.355762	-0.065034	0.066355	0.920503	-0.575386	0.063142	-1.386261	0.011332	0.083782	1.973291	-0.567318	0.093139	-0.080704	-0.123564	-0.065861	0.761758	-0.523507	0.115239	-0.964337	-0.071398	0.174751	1.761581	-0.763859	0.222694	0	0.677960	-0.134434	0.394600	0.331978	0.047599	0.839588	0.342033	0.023845	0.840402	0.454821	0.060479	0.873453	0.303237	0.098333	0.213788	0.529470	-0.147618	0.425147
147	36	0.030000	-0.050000	0.625800	0.045530	-0.073945	0.629236	0.159495	-0.035580	0.661640	-0.028133	0.049093	-0.045312	0.303237	0.098333	0.213788	0.557052	-0.144137	0.416170	0.069681	-0.020853	-0.077717	-0.336865	-0.067133	0.061581	0.897180	-0.570007	0.062474	-1.386700	0.015346	0.083612	1.916628	-0.511861	0.092028	-0.060013	-0.116891	-0.070495	0.732314	-0.515656	0.113243	-0.972655	-0.061734	0.167091	1.698534	-0.746604	0.216037	0	0.680472	-0.130340	0.394600	0.332529	0.047915	0.839588	0.347720	0.023754	0.843024	0.462215	0.060507	0.875428	0.303237	0.098333	0.213788	0.557052	-0.144137	0.416170
148	37	0.030000	-0.050000	0.625800	0.050629	-0.074514	0.631938	0.165693	-0.038066	0.663251	-0.029546	0.048085	-0.046063	0.303237	0.098333	0.213788	0.582650	-0.139106	0.408162	0.068428	-0.022409	-0.077376	-0.316463	-0.068302	0.056190	0.870928	-0.562996	0.061966	-1.381915	0.016121	0.080801	1.854994	-0.456931	0.090256	-0.044136	-0.107968	-0.072705	0.707148	-0.510690	0.112331	-0.980316	-0.049803	0.159163	1.639664	-0.715597	0.210558	0	0.683865	-0.124646	0.394600	0.333283	0.048361	0.839588	0.353934	0.023865	0.845726	0.468965	0.060420	0.877039	0.303237	0.098333	0.213788	0.582650	-0.139106	0.408162
149	38	0.030000	-0.050000	0.625800	0.055963	-0.075211	0.634731	0.172817	-0.040145	0.663698	-0.030664	0.046991	-0.046835	0.303237	0.098333	0.213788	0.606649	-0.131961	0.399466	0.068159	-0.024552	-0.075803	-0.296756	-0.068968	0.051340	0.846669	-0.557683	0.060845	-1.372246	0.014088	0.076777	1.793082	-0.407289	0.085887	-0.025848	-0.101969	-0.074968	0.686431	-0.510320	0.112051	-0.982370	-0.042611	0.147043	1.584167	-0.681333	0.194398	0	0.686584	-0.119940	0.394600	0.333897	0.048735	0.839588	0.360191	0.023870	0.848519	0.476571	0.060480	0.877487	0.303237	0.098333	0.213788	0.606649	-0.131961	0.399466
150	39	0.030000	-0.050000	0.625800	0.061558	-0.076041	0.637631	0.174926	-0.043850	0.665550	-0.031813	0.045720	-0.047266	0.303237	0.098333	0.213788	0.615469	-0.127693	0.398396	0.063265	-0.023914	-0.075186	-0.274686	-0.069313	0.045930	0.816996	-0.549436	0.059196	-1.365488	0.010130	0.070229	1.737993	-0.361433	0.082319	-0.012920	-0.094154	-0.081985	0.666455	-0.510432	0.111801	-0.981756	-0.030313	0.140320	1.568325	-0.637071	0.178827	0	0.688611	-0.116341	0.394600	0.334360	0.049024	0.839588	0.366499	0.023703	0.851419	0.479110	0.058448	0.879339	0.303237	0.098333	0.213788	0.615469	-0.127693	0.398396
151	40	0.030000	-0.050000	0.625800	0.067443	-0.077010	0.640650	0.185335	-0.047798	0.664285	-0.031793	0.043677	-0.047947	0.303237	0.098333	0.213788	0.628364	-0.125494	0.394252	0.064604	-0.030213	-0.071582	-0.256063	-0.069171	0.040513	0.796839	-0.546853	0.057453	-1.357259	0.007518	0.065578	1.688782	-0.322809	0.078920	0.010653	-0.084251	-0.083940	0.652982	-0.511538	0.109707	-0.974461	-0.021987	0.137709	1.557621	-0.592424	0.155650	0	0.691140	-0.111736	0.394600	0.334945	0.049398	0.839588	0.373297	0.023696	0.854438	0.490112	0.056959	0.878073	0.303237	0.098333	0.213788	0.628364	-0.125494	0.394252
152	41	0.030000	-0.050000	0.625800	0.073646	-0.078128	0.643805	0.190296	-0.053008	0.664693	-0.031717	0.041893	-0.048725	0.303237	0.098333	0.213788	0.632867	-0.124095	0.392668	0.062281	-0.031611	-0.069613	-0.232476	-0.068018	0.035029	0.766976	-0.539094	0.056148	-1.348606	0.005310	0.061896	1.646131	-0.290863	0.073997	0.028362	-0.070829	-0.081691	0.632520	-0.513867	0.105142	-0.963135	-0.019081	0.133638	1.553769	-0.550409	0.138616	0	0.695491	-0.103496	0.394600	0.335971	0.050079	0.839588	0.381114	0.024421	0.857593	0.496187	0.055990	0.878481	0.303237	0.098333	0.213788	0.632867	-0.124095	0.392668
153	42	0.030000	-0.050000	0.625800	0.080201	-0.079403	0.647111	0.199001	-0.055313	0.663975	-0.031476	0.039969	-0.049429	0.303237	0.098333	0.213788	0.637865	-0.117945	0.390473	0.063889	-0.034858	-0.066293	-0.208104	-0.066554	0.030354	0.734701	-0.530299	0.053782	-1.337827	0.001293	0.056507	1.605477	-0.262864	0.066975	0.044443	-0.062145	-0.087355	0.616643	-0.512158	0.097616	-0.956846	-0.016942	0.117500	1.557630	-0.543134	0.131319	0	0.697567	-0.099408	0.394600	0.336471	0.050421	0.839588	0.388503	0.024395	0.860899	0.505454	0.056272	0.877763	0.303237	0.098333	0.213788	0.637865	-0.117945	0.390473
154	43	0.030000	-0.050000	0.625800	0.087142	-0.080844	0.650588	0.206243	-0.055597	0.664528	-0.031426	0.038710	-0.050049	0.303237	0.098333	0.213788	0.640677	-0.116433	0.389705	0.064059	-0.036821	-0.063989	-0.178804	-0.064222	0.026704	0.691682	-0.515604	0.050681	-1.320935	-0.001716	0.051072	1.560606	-0.236636	0.063262	0.055956	-0.055796	-0.099006	0.594946	-0.503980	0.081893	-0.958406	-0.005582	0.105582	1.556326	-0.545501	0.114295	0	0.695011	-0.104425	0.394600	0.335857	0.050001	0.839588	0.394560	0.022244	0.864376	0.512148	0.053796	0.878316	0.303237	0.098333	0.213788	0.640677	-0.116433	0.389705
155	44	0.030000	-0.050000	0.625800	0.094508	-0.082461	0.654253	0.213273	-0.058429	0.665181	-0.031192	0.037690	-0.050661	0.303237	0.098333	0.213788	0.642895	-0.117770	0.388848	0.062675	-0.038937	-0.061590	-0.145558	-0.060944	0.022767	0.644024	-0.499689	0.049213	-1.300353	-0.004505	0.045933	1.518316	-0.216462	0.059053	0.072736	-0.043038	-0.092578	0.564351	-0.497332	0.069341	-0.961388	0.003835	0.094025	1.552619	-0.545857	0.095789	0	0.693759	-0.106826	0.394600	0.335560	0.049802	0.839588	0.401526	0.020416	0.868041	0.519027	0.050017	0.878970	0.303237	0.098333	0.213788	0.642895	-0.117770	0.388848
156	45	0.030000	-0.050000	0.625800	0.102341	-0.084267	0.658128	0.219530	-0.059590	0.666819	-0.030566	0.036863	-0.051288	0.303237	0.098333	0.213788	0.643025	-0.120993	0.389430	0.061621	-0.039581	-0.059978	-0.107861	-0.057723	0.018994	0.587910	-0.480223	0.046825	-1.277881	-0.007106	0.040949	1.481865	-0.203770	0.055914	0.093692	-0.031423	-0.090275	0.523582	-0.489607	0.059052	-0.963161	0.016158	0.084141	1.549116	-0.546793	0.079835	0	0.690516	-0.112885	0.394600	0.334800	0.049304	0.839588	0.408186	0.017337	0.871916	0.524538	0.045698	0.880607	0.303237	0.098333	0.213788	0.643025	-0.120993	0.389430
157	46	0.030000	-0.050000	0.625800	0.110688	-0.086274	0.662236	0.227881	-0.060644	0.667146	-0.030033	0.035835	-0.051944	0.303237	0.098333	0.213788	0.643833	-0.123261	0.388305	0.061423	-0.041799	-0.056853	-0.068543	-0.053573	0.016256	0.528498	-0.458987	0.043760	-1.253621	-0.010329	0.035239	1.452357	-0.199495	0.051064	0.113319	-0.021026	-0.092056	0.488956	-0.478470	0.042250	-0.964439	0.026197	0.069196	1.546270	-0.547782	0.063655	0	0.686370	-0.120314	0.394600	0.333848	0.048705	0.839588	0.414975	0.013423	0.876024	0.531845	0.040488	0.880934	0.303237	0.098333	0.213788	0.643833	-0.123261	0.388305
158	47	0.030000	-0.050000	0.625800	0.119600	-0.088498	0.666603	0.234174	-0.061221	0.667049	-0.029936	0.034935	-0.052475	0.303237	0.098333	0.213788	0.643209	-0.123000	0.386732	0.059953	-0.041163	-0.052921	-0.025503	-0.047962	0.015226	0.461598	-0.434181	0.040700	-1.227943	-0.012712	0.029808	1.430164	-0.203739	0.047196	0.127448	-0.015870	-0.092444	0.461217	-0.464147	0.021130	-0.966306	0.039500	0.057465	1.544966	-0.550410	0.048292	0	0.682577	-0.126831	0.394600	0.332996	0.048189	0.839588	0.422409	0.009258	0.880391	0.537113	0.035982	0.880838	0.303237	0.098333	0.213788	0.643209	-0.123000	0.386732
159	48	0.039263	-0.053009	0.630193	0.129130	-0.090954	0.671253	0.240876	-0.062562	0.666218	-0.029698	0.033989	-0.052957	0.303237	0.098333	0.213788	0.642161	-0.120887	0.384341	0.058402	-0.040387	-0.047921	0.019876	-0.042070	0.014308	0.391710	-0.409139	0.037885	-1.201080	-0.015712	0.023567	1.417410	-0.218136	0.042579	0.142711	-0.009044	-0.086163	0.436341	-0.453638	0.005707	-0.966919	0.054644	0.040845	1.544190	-0.551691	0.035083	0	0.679453	-0.132012	0.394600	0.341511	0.044605	0.843981	0.430659	0.005000	0.885041	0.542912	0.031315	0.880006	0.303237	0.098333	0.213788	0.642161	-0.120887	0.384341
160	49	0.063439	-0.060862	0.641658	0.139311	-0.093650	0.676203	0.245359	-0.062862	0.665417	-0.028748	0.033684	-0.053502	0.303237	0.098333	0.213788	0.635676	-0.122017	0.382680	0.056982	-0.035918	-0.042716	0.069808	-0.035745	0.013973	0.313577	-0.380853	0.034899	-1.175271	-0.015971	0.018000	1.411912	-0.238961	0.036892	0.154327	-0.006487	-0.075825	0.413391	-0.444768	-0.009848	-0.963178	0.063873	0.032074	1.547599	-0.553838	0.014472	0	0.676064	-0.137459	0.394600	0.364628	0.035406	0.855446	0.439374	0.000126	0.889991	0.546383	0.027389	0.879205	0.303237	0.098333	0.213788	0.635676	-0.122017	0.382680
161	50	0.097103	-0.071797	0.657623	0.150128	-0.096580	0.681447	0.246139	-0.066933	0.665816	-0.028655	0.033689	-0.053743	0.303237	0.098333	0.213788	0.629282	-0.120890	0.382723	0.049898	-0.028972	-0.038112	0.122412	-0.029999	0.013855	0.231817	-0.351818	0.032068	-1.145578	-0.017003	0.011649	1.403428	-0.259907	0.029007	0.160446	0.000868	-0.060317	0.394259	-0.437592	-0.022687	-0.965897	0.070853	0.011932	1.550582	-0.557687	-0.002615	0	0.674082	-0.140564	0.394600	0.397283	0.022575	0.871411	0.449236	-0.004383	0.895235	0.546392	0.021261	0.879604	0.303237	0.098333	0.213788	0.629282	-0.120890	0.382723
162	51	0.134834	-0.084053	0.675517	0.161506	-0.099718	0.686950	0.248809	-0.068017	0.665547	-0.028089	0.033584	-0.054064	0.303237	0.098333	0.213788	0.624913	-0.114640	0.382141	0.046997	-0.021086	-0.032661	0.176520	-0.024591	0.013941	0.147781	-0.322243	0.028310	-1.115319	-0.017466	0.004875	1.396825	-0.282728	0.019950	0.169488	0.005700	-0.047287	0.375689	-0.432082	-0.033118	-0.964942	0.073767	-0.015213	1.552908	-0.564732	-0.019823	0	0.672930	-0.142343	0.394600	0.434042	0.008137	0.889305	0.459962	-0.008743	0.900738	0.548636	0.018888	0.879335	0.303237	0.098333	0.213788	0.624913	-0.114640	0.382141
163	52	0.171210	-0.095869	0.692767	0.173316	-0.103019	0.692652	0.251790	-0.068523	0.665118	-0.027319	0.033402	-0.054227	0.303237	0.098333	0.213788	0.622448	-0.107522	0.381828	0.045053	-0.012537	-0.026693	0.233104	-0.020050	0.014515	0.059306	-0.290947	0.023827	-1.083880	-0.016181	-0.001140	1.389249	-0.305712	0.010961	0.182092	0.008699	-0.029851	0.354128	-0.424250	-0.047582	-0.965368	0.075012	-0.041756	1.555687	-0.568675	-0.039017	0	0.672418	-0.143127	0.394600	0.469613	-0.005701	0.906556	0.471371	-0.012944	0.906440	0.551420	0.017718	0.878907	0.303237	0.098333	0.213788	0.622448	-0.107522	0.381828
164	53	0.200808	-0.105484	0.706804	0.185406	-0.106433	0.698480	0.256950	-0.072957	0.664593	-0.026734	0.032793	-0.054414	0.303237	0.098333	0.213788	0.620720	-0.113879	0.381431	0.040178	-0.009181	-0.020528	0.288803	-0.014777	0.016110	-0.027340	-0.259916	0.019234	-1.051336	-0.012771	-0.006179	1.379503	-0.328269	0.002979	0.196946	0.018934	-0.027480	0.330905	-0.416079	-0.056303	-0.965266	0.075540	-0.055643	1.558064	-0.575034	-0.056784	0	0.667980	-0.149781	0.394600	0.496593	-0.020260	0.920592	0.481162	-0.020185	0.912268	0.554772	0.008464	0.878382	0.303237	0.098333	0.213788	0.620720	-0.113879	0.381431
165	54	0.220634	-0.111924	0.716206	0.197636	-0.109913	0.704368	0.262820	-0.069909	0.663921	-0.026063	0.032108	-0.054670	0.303237	0.098333	0.213788	0.619684	-0.107866	0.381006	0.042204	-0.002371	-0.014223	0.344501	-0.008070	0.017019	-0.114284	-0.228391	0.014087	-1.019118	-0.009744	-0.010962	1.372556	-0.352374	-0.004380	0.211383	0.020997	-0.031203	0.306898	-0.409901	-0.067314	-0.963937	0.079469	-0.084690	1.558857	-0.581932	-0.074007	0	0.662889	-0.157104	0.394600	0.513349	-0.032278	0.929994	0.490612	-0.028283	0.918156	0.559016	0.005925	0.877709	0.303237	0.098333	0.213788	0.619684	-0.107866	0.381006
166	55	0.229897	-0.114933	0.720599	0.209904	-0.113423	0.710270	0.268060	-0.072726	0.663575	-0.025713	0.031317	-0.054993	0.303237	0.098333	0.213788	0.617625	-0.112302	0.380754	0.038963	0.002069	-0.008298	0.398707	-0.002576	0.019663	-0.197179	-0.199450	0.010006	-0.985827	-0.004906	-0.015032	1.362400	-0.375148	-0.011305	0.224089	0.031394	-0.032917	0.279116	-0.399143	-0.068891	-0.963945	0.080883	-0.099957	1.559496	-0.590226	-0.090820	0	0.658449	-0.163243	0.394600	0.519977	-0.039820	0.934387	0.500248	-0.036245	0.924058	0.562310	-0.001799	0.877363	0.303237	0.098333	0.213788	0.617625	-0.112302	0.380754
167	0	-0.161684	0.091465	0.496319	-0.097809	0.044280	0.554882	-0.055455	0.099136	0.496319	-0.025299	0.030910	-0.055423	0.303237	0.098333	0.213788	0.616546	-0.101338	0.380625	0.043832	0.026017	0.003140	0.468751	0.016484	-0.018987	-0.305023	-0.052396	-0.140544	-0.799890	0.105013	-0.105056	1.293187	-0.497613	-0.142347	0.231222	0.032203	-0.026623	0.253993	-0.386977	-0.078854	-0.964286	0.080815	-0.129178	1.558439	-0.594769	-0.106110	1	0.987400	0.118500	0.564600	0.459892	-0.001502	0.876944	0.521199	-0.051979	0.935508	0.566377	0.000576	0.876944	0.616546	-0.101338	0.380625	0.303237	0.098333	0.213788
168	1	-0.152370	0.089450	0.502611	-0.090355	0.045606	0.558504	-0.051108	0.092056	0.496683	-0.025937	0.030139	-0.056113	0.309257	0.099318	0.213264	0.616546	-0.101338	0.380625	0.034321	0.021960	0.005707	0.493383	0.013271	-0.014821	-0.334636	-0.047110	-0.136261	-0.780444	0.108941	-0.097672	1.287079	-0.511364	-0.135957	0.233472	0.045583	-0.028552	0.223893	-0.367153	-0.098976	-0.962922	0.080449	-0.152293	1.554468	-0.604934	-0.114956	1	0.991760	0.110972	0.564600	0.471081	-0.001048	0.883236	0.529745	-0.049285	0.939129	0.572265	-0.005810	0.877309	0.616546	-0.101338	0.380625	0.309257	0.099318	0.213264
169	2	-0.128062	0.084192	0.519031	-0.085191	0.055367	0.560414	-0.047569	0.085295	0.497482	-0.025820	0.028956	-0.056677	0.307880	0.092986	0.214894	0.616546	-0.101338	0.380625	0.019408	0.012662	0.006255	0.494529	-0.003011	-0.014411	-0.322002	-0.060211	-0.119549	-0.772049	0.103666	-0.076056	1.292692	-0.524291	-0.112650	0.248599	0.048821	-0.030775	0.181155	-0.337707	-0.114841	-0.962351	0.080193	-0.174590	1.547539	-0.608124	-0.119776	1	0.994616	0.105845	0.564600	0.496224	-0.006413	0.899656	0.536449	-0.038829	0.941040	0.576512	-0.012257	0.878107	0.616546	-0.101338	0.380625	0.307880	0.092986	0.214894
170	3	-0.094212	0.076869	0.541896	-0.080774	0.067215	0.561860	-0.044430	0.080753	0.499331	-0.025939	0.027695	-0.057287	0.307915	0.092149	0.217474	0.616546	-0.101338	0.380625	0.004376	0.003504	0.005242	0.474512	-0.023651	-0.015109	-0.265969	-0.095296	-0.099418	-0.766471	0.093845	-0.052573	1.301813	-0.536880	-0.086875	0.266444	0.053798	-0.032060	0.128207	-0.295506	-0.123049	-0.961346	0.081463	-0.187138	1.537040	-0.617466	-0.120012	1	0.997142	0.101166	0.564600	0.530368	-0.015559	0.922522	0.542788	-0.026490	0.942486	0.580290	-0.016600	0.879956	0.616546	-0.101338	0.380625	0.307915	0.092149	0.217474
171	4	-0.056272	0.068662	0.567524	-0.076064	0.077798	0.563639	-0.039979	0.074326	0.500998	-0.025862	0.026612	-0.057855	0.309245	0.087618	0.220496	0.616546	-0.101338	0.380625	-0.010671	-0.006303	0.004787	0.435354	-0.043541	-0.017606	-0.168716	-0.153504	-0.082826	-0.760001	0.084968	-0.031483	1.310666	-0.549831	-0.063816	0.284741	0.054472	-0.019298	0.069251	-0.238720	-0.129910	-0.961405	0.084037	-0.198803	1.528569	-0.621913	-0.122375	1	0.999618	0.096443	0.564600	0.568231	-0.026861	0.948149	0.549574	-0.015588	0.944265	0.585052	-0.023039	0.881623	0.616546	-0.101338	0.380625	0.309245	0.087618	0.220496
172	5	-0.019696	0.060750	0.592231	-0.070812	0.086320	0.565933	-0.037670	0.069348	0.505788	-0.025927	0.025675	-0.058607	0.307823	0.087265	0.228152	0.616546	-0.101338	0.380625	-0.024298	-0.011525	0.001538	0.400364	-0.057854	-0.018403	-0.080414	-0.207183	-0.070208	-0.749028	0.075820	-0.016373	1.313745	-0.561287	-0.047182	0.300319	0.053636	-0.010821	0.025336	-0.179571	-0.141142	-0.956335	0.088434	-0.201669	1.505116	-0.625667	-0.131473	1	1.001828	0.092102	0.564600	0.604413	-0.038637	0.972856	0.556800	-0.007019	0.946558	0.587623	-0.027910	0.886413	0.616546	-0.101338	0.380625	0.307823	0.087265	0.228152
173	6	0.010065	0.054312	0.612334	-0.065183	0.093034	0.568613	-0.032017	0.065660	0.510027	-0.026408	0.024791	-0.059681	0.309907	0.087784	0.235282	0.616546	-0.101338	0.380625	-0.034087	-0.017521	-0.001095	0.395931	-0.068779	-0.013765	-0.056065	-0.228138	-0.060735	-0.735756	0.067637	-0.004268	1.314430	-0.572045	-0.034885	0.304683	0.059167	-0.000830	0.010082	-0.130774	-0.158539	-0.943927	0.100936	-0.204628	1.481118	-0.627392	-0.155591	1	1.003085	0.089577	0.564600	0.633510	-0.048770	0.992959	0.563864	-0.000696	0.949239	0.593235	-0.032106	0.890652	0.616546	-0.101338	0.380625	0.309907	0.087784	0.235282
174	7	0.030000	0.050000	0.625800	-0.059435	0.098356	0.571486	-0.025619	0.069317	0.515629	-0.026705	0.024372	-0.060994	0.311273	0.100095	0.244715	0.616546	-0.101338	0.380625	-0.035290	-0.019366	-0.005136	0.443517	-0.077910	0.000133	-0.143135	-0.188686	-0.051320	-0.717730	0.060049	0.004555	1.306663	-0.580492	-0.027319	0.299740	0.074217	-0.002906	0.034728	-0.105727	-0.182272	-0.923738	0.116830	-0.191397	1.451350	-0.622415	-0.170632	1	1.002079	0.091603	0.564600	0.652485	-0.055420	1.006425	0.569697	0.003599	0.952112	0.599673	-0.029389	0.896255	0.616546	-0.101338	0.380625	0.311273	0.100095	0.244715
175	8	0.030000	0.050000	0.625800	-0.053775	0.102598	0.574397	-0.019973	0.070363	0.520572	-0.028154	0.024774	-0.062676	0.314438	0.114355	0.251899	0.616546	-0.101338	0.380625	-0.039110	-0.020631	-0.008851	0.543103	-0.086523	0.031316	-0.333612	-0.096279	-0.039951	-0.703260	0.053617	0.010821	1.304252	-0.589543	-0.021169	0.266623	0.115609	-0.010164	0.111401	-0.141161	-0.214826	-0.899569	0.135272	-0.197169	1.412788	-0.616631	-0.184380	1	1.000295	0.095126	0.564600	0.652062	-0.055093	1.006425	0.574846	0.006733	0.955023	0.604744	-0.029153	0.901197	0.616546	-0.101338	0.380625	0.314438	0.114355	0.251899
176	9	0.030000	0.050000	0.625800	-0.048317	0.105953	0.577258	-0.012935	0.072759	0.525906	-0.029994	0.025151	-0.064447	0.314247	0.125013	0.263608	0.616546	-0.101338	0.380625	-0.040233	-0.022271	-0.013095	0.572283	-0.093976	0.072813	-0.352245	-0.106916	-0.035678	-0.690549	0.046608	0.013241	1.303239	-0.597374	-0.017030	0.209959	0.171097	0.000201	0.250559	-0.214335	-0.217393	-0.868046	0.153125	-0.209396	1.367834	-0.613502	-0.188355	1	0.997112	0.101224	0.564600	0.651320	-0.054532	1.006425	0.578888	0.008855	0.957883	0.610833	-0.027659	0.906532	0.616546	-0.101338	0.380625	0.314247	0.125013	0.263608
177	10	0.030000	0.050000	0.625800	-0.043095	0.108545	0.580036	-0.005556	0.073620	0.530519	-0.033165	0.024868	-0.065633	0.318753	0.127849	0.275522	0.616546	-0.101338	0.380625	-0.042400	-0.025566	-0.016116	0.403389	-0.089933	0.074203	0.074959	-0.371469	-0.047227	-0.676841	0.040557	0.014422	1.303057	-0.607505	-0.014817	0.144569	0.224096	0.024762	0.392708	-0.296840	-0.216692	-0.840059	0.175666	-0.214873	1.330208	-0.610775	-0.196963	1	0.991418	0.111576	0.564600	0.650024	-0.053597	1.006425	0.581276	0.009996	0.960661	0.616237	-0.027509	0.911144	0.616546	-0.101338	0.380625	0.318753	0.127849	0.275522
178	11	0.030000	0.050000	0.625800	-0.038100	0.110472	0.582728	0.002879	0.071298	0.535523	-0.035795	0.024256	-0.066492	0.328895	0.125285	0.289468	0.616546	-0.101338	0.380625	-0.046206	-0.031471	-0.019287	0.169533	-0.064777	0.036548	0.645402	-0.715339	-0.069096	-0.664058	0.034447	0.013436	1.298077	-0.612147	-0.012896	0.085801	0.257409	0.032957	0.521852	-0.376771	-0.222669	-0.803295	0.187069	-0.223270	1.297211	-0.609370	-0.207437	1	0.989281	0.115296	0.564600	0.649548	-0.053266	1.006425	0.585273	0.011258	0.963354	0.623780	-0.030349	0.916149	0.616546	-0.101338	0.380625	0.328895	0.125285	0.289468
179	12	0.030000	0.050000	0.625800	-0.033315	0.111821	0.585340	0.007939	0.070851	0.541247	-0.038553	0.023869	-0.066760	0.339921	0.132189	0.307672	0.616546	-0.101338	0.380625	-0.050619	-0.033006	-0.022668	-0.060024	-0.034518	-0.013767	1.216161	-1.058235	-0.094588	-0.652982	0.028483	0.010447	1.290177	-0.612149	-0.011817	0.023470	0.287679	0.006991	0.661188	-0.459944	-0.216940	-0.765473	0.187452	-0.235242	1.263540	-0.604643	-0.221664	1	0.990425	0.113315	0.564600	0.649802	-0.053442	1.006425	0.590735	0.012450	0.965965	0.629176	-0.031171	0.921873	0.616546	-0.101338	0.380625	0.339921	0.132189	0.307672
180	13	0.030000	0.050000	0.625800	-0.028722	0.112669	0.587875	0.015633	0.069000	0.546818	-0.040686	0.024363	-0.066696	0.353759	0.126188	0.331219	0.616546	-0.101338	0.380625	-0.053329	-0.036584	-0.025639	-0.219133	-0.014172	-0.042606	1.644066	-1.326375	-0.117762	-0.640908	0.023581	0.007321	1.283429	-0.614775	-0.012227	-0.051056	0.290679	-0.027011	0.834136	-0.546959	-0.226792	-0.725888	0.196656	-0.242018	1.230483	-0.598854	-0.227882	1	0.990391	0.113374	0.564600	0.649795	-0.053436	1.006425	0.595356	0.012988	0.968501	0.636719	-0.033526	0.927443	0.616546	-0.101338	0.380625	0.353759	0.126188	0.331219
181	14	0.030000	0.050000	0.625800	-0.024307	0.113090	0.590338	0.020549	0.069146	0.553706	-0.043168	0.025695	-0.065903	0.372456	0.128181	0.358353	0.616546	-0.101338	0.380625	-0.055925	-0.035789	-0.029271	-0.318491	-0.002914	-0.054282	1.939554	-1.517886	-0.135298	-0.625270	0.021538	0.005659	1.266388	-0.613939	-0.012801	-0.131973	0.282856	-0.065419	1.005431	-0.622755	-0.204281	-0.693249	0.198932	-0.234840	1.201150	-0.589790	-0.225968	1	0.990928	0.112436	0.564600	0.649915	-0.053520	1.006425	0.600077	0.013156	0.970964	0.641804	-0.033769	0.934332	0.616546	-0.101338	0.380625	0.372456	0.128181	0.358353
182	15	0.030000	0.050000	0.625800	-0.020055	0.113148	0.592732	0.027304	0.066517	0.560080	-0.044772	0.026956	-0.064561	0.388989	0.122733	0.390633	0.616546	-0.101338	0.380625	-0.058464	-0.038082	-0.031909	-0.363807	0.012130	-0.035159	2.099004	-1.625871	-0.147077	-0.613468	0.017721	0.001339	1.257558	-0.615031	-0.014164	-0.221277	0.267814	-0.109586	1.186875	-0.599318	-0.178873	-0.664640	0.201684	-0.239956	1.171569	-0.586987	-0.230622	1	0.991012	0.112290	0.564600	0.649933	-0.053533	1.006425	0.604367	0.012927	0.973357	0.648387	-0.036869	0.940706	0.616546	-0.101338	0.380625	0.388989	0.122733	0.390633
183	16	0.030000	0.050000	0.625800	-0.015954	0.112902	0.595059	0.034254	0.068892	0.566091	-0.045392	0.028288	-0.062683	0.402668	0.120507	0.430907	0.616546	-0.101338	0.380625	-0.055663	-0.037684	-0.033715	-0.355734	0.025878	-0.001364	2.122924	-1.652705	-0.140014	-0.604240	0.013188	-0.003359	1.247736	-0.611356	-0.015705	-0.304998	0.255542	-0.159886	1.385457	-0.651344	-0.173925	-0.633134	0.193605	-0.255611	1.144835	-0.584953	-0.231318	1	0.992054	0.110453	0.564600	0.650167	-0.053697	1.006425	0.608999	0.012436	0.975684	0.655809	-0.035172	0.946716	0.616546	-0.101338	0.380625	0.402668	0.120507	0.430907
184	17	0.030000	0.050000	0.625800	-0.011991	0.112404	0.597323	0.038073	0.072349	0.574230	-0.046596	0.029282	-0.060883	0.412631	0.110726	0.473838	0.616546	-0.101338	0.380625	-0.053512	-0.034460	-0.037789	-0.340925	0.038143	0.037309	2.090314	-1.634958	-0.119731	-0.593490	0.007906	-0.008999	1.229200	-0.601433	-0.018119	-0.382132	0.238515	-0.182719	1.570200	-0.730051	-0.176288	-0.601227	0.173544	-0.269981	1.111190	-0.583452	-0.228353	1	0.991744	0.111001	0.564600	0.650098	-0.053648	1.006425	0.612749	0.011640	0.977949	0.659772	-0.031945	0.954855	0.616546	-0.101338	0.380625	0.412631	0.110726	0.473838
185	18	0.030000	0.050000	0.625800	-0.008152	0.111700	0.599530	0.044008	0.072361	0.582863	-0.049300	0.029624	-0.059198	0.431038	0.097443	0.509776	0.616546	-0.101338	0.380625	-0.053736	-0.035556	-0.042530	-0.351599	0.042476	0.060133	2.086570	-1.621111	-0.104564	-0.581335	0.002342	-0.016057	1.212396	-0.593983	-0.021859	-0.466279	0.228647	-0.189027	1.720572	-0.798974	-0.141758	-0.568502	0.162628	-0.279047	1.072985	-0.582595	-0.243845	1	0.989275	0.115305	0.564600	0.649547	-0.053265	1.006425	0.615238	0.010652	0.980155	0.664895	-0.031802	0.963488	0.616546	-0.101338	0.380625	0.431038	0.097443	0.509776
186	19	0.030000	0.050000	0.625800	-0.004423	0.110831	0.601683	0.049247	0.073320	0.593095	-0.052529	0.030434	-0.057165	0.459007	0.083617	0.542081	0.616546	-0.101338	0.380625	-0.054512	-0.035015	-0.048577	-0.380361	0.049464	0.080468	2.104741	-1.609181	-0.094347	-0.574193	-0.005660	-0.023724	1.202320	-0.587423	-0.027534	-0.577169	0.223559	-0.197356	1.860829	-0.831152	-0.083171	-0.527101	0.151225	-0.304277	1.018239	-0.567013	-0.228034	1	0.988954	0.115856	0.564600	0.649475	-0.053216	1.006425	0.618742	0.009560	0.982308	0.670079	-0.031086	0.973720	0.616546	-0.101338	0.380625	0.459007	0.083617	0.542081
187	20	0.030000	0.050000	0.625800	-0.000792	0.109834	0.603787	0.056377	0.074299	0.603459	-0.055529	0.030794	-0.054880	0.492082	0.075500	0.569651	0.616546	-0.101338	0.380625	-0.053579	-0.036490	-0.054552	-0.421561	0.059870	0.096319	2.130143	-1.593996	-0.086318	-0.564231	-0.013347	-0.032577	1.193019	-0.584916	-0.034111	-0.685715	0.216469	-0.206262	1.973424	-0.847059	-0.046545	-0.481193	0.151983	-0.317589	0.960621	-0.552496	-0.225150	1	0.987778	0.117861	0.564600	0.649215	-0.053039	1.006425	0.621716	0.008377	0.984412	0.676873	-0.030208	0.984085	0.616546	-0.101338	0.380625	0.492082	0.075500	0.569651
188	21	0.030000	0.050000	0.625800	0.002755	0.108740	0.605848	0.059798	0.077626	0.614541	-0.057865	0.030942	-0.052333	0.521560	0.070292	0.595992	0.616546	-0.101338	0.380625	-0.052199	-0.033788	-0.061026	-0.467171	0.072094	0.109656	2.152297	-1.574152	-0.081113	-0.552765	-0.020584	-0.041211	1.181773	-0.582998	-0.040598	-0.786293	0.211577	-0.205954	2.069016	-0.849977	-0.039862	-0.435310	0.153730	-0.325678	0.897779	-0.534761	-0.220711	1	0.987436	0.118440	0.564600	0.649140	-0.052988	1.006425	0.625030	0.007106	0.986473	0.680353	-0.026972	0.995167	0.616546	-0.101338	0.380625	0.521560	0.070292	0.595992
189	22	0.030000	0.050000	0.625800	0.006234	0.107581	0.607871	0.063902	0.079441	0.624754	-0.059563	0.030762	-0.049966	0.550805	0.069804	0.615159	0.616546	-0.101338	0.380625	-0.051226	-0.032862	-0.066849	-0.522268	0.076831	0.110778	2.170696	-1.542035	-0.081097	-0.537190	-0.022975	-0.046496	1.163148	-0.581682	-0.044883	-0.872119	0.208330	-0.199057	2.126822	-0.849157	-0.041650	-0.394207	0.155708	-0.320763	0.843357	-0.516110	-0.208038	1	0.987960	0.117552	0.564600	0.649256	-0.053067	1.006425	0.628698	0.005736	0.988497	0.684728	-0.025538	1.005380	0.616546	-0.101338	0.380625	0.550805	0.069804	0.615159
190	23	0.030000	0.050000	0.625800	0.009656	0.106380	0.609864	0.071874	0.081153	0.634105	-0.060552	0.030778	-0.047432	0.587971	0.071554	0.627636	0.616546	-0.101338	0.380625	-0.047593	-0.035097	-0.071673	-0.589903	0.073382	0.100783	2.186542	-1.497091	-0.080372	-0.518625	-0.023838	-0.050379	1.137861	-0.577068	-0.049467	-0.956906	0.193740	-0.186268	2.157016	-0.848406	-0.043307	-0.345768	0.151864	-0.312620	0.798855	-0.507149	-0.206356	1	0.989010	0.115761	0.564600	0.649488	-0.053225	1.006425	0.632558	0.004273	0.990489	0.693153	-0.024636	1.014730	0.616546	-0.101338	0.380625	0.587971	0.071554	0.627636
191	24	0.030000	0.050000	0.625800	0.013038	0.105161	0.611831	0.078175	0.082655	0.642560	-0.061002	0.030780	-0.045052	0.620829	0.076227	0.634873	0.616546	-0.101338	0.380625	-0.044310	-0.036084	-0.075781	-0.669675	0.069583	0.083848	2.200828	-1.440816	-0.076302	-0.501500	-0.025007	-0.051473	1.113222	-0.573117	-0.053343	-1.032693	0.168796	-0.182143	2.162044	-0.845197	-0.050531	-0.302356	0.143206	-0.313009	0.756858	-0.491484	-0.183013	1	0.989470	0.114969	0.564600	0.649590	-0.053295	1.006425	0.636082	0.002813	0.992456	0.699698	-0.023691	1.023185	0.616546	-0.101338	0.380625	0.620829	0.076227	0.634873
192	25	0.030000	0.050000	0.625800	0.016393	0.103946	0.613779	0.083272	0.085608	0.649113	-0.061363	0.030514	-0.042716	0.651234	0.080615	0.637915	0.616546	-0.101338	0.380625	-0.039952	-0.035445	-0.078050	-0.749642	0.061480	0.065224	2.208647	-1.376358	-0.077795	-0.486008	-0.027987	-0.054440	1.093359	-0.569399	-0.058756	-1.101032	0.153618	-0.170385	2.152763	-0.838840	-0.064417	-0.262081	0.135169	-0.318004	0.723741	-0.493115	-0.179120	1	0.988564	0.116524	0.564600	0.649389	-0.053157	1.006425	0.638927	0.001486	0.994405	0.704633	-0.020691	1.029738	0.616546	-0.101338	0.380625	0.651234	0.080615	0.637915
193	26	0.030000	0.050000	0.625800	0.019738	0.102751	0.615716	0.083616	0.086332	0.654634	-0.061674	0.031153	-0.040334	0.678852	0.082298	0.638268	0.616546	-0.101338	0.380625	-0.040037	-0.031152	-0.079251	-0.828569	0.045645	0.045589	2.205770	-1.301148	-0.080045	-0.468515	-0.025844	-0.053427	1.068525	-0.566390	-0.060835	-1.154235	0.141823	-0.144365	2.128978	-0.836003	-0.070031	-0.233975	0.126681	-0.315406	0.705341	-0.488450	-0.160028	1	0.987618	0.118132	0.564600	0.649180	-0.053016	1.006425	0.641757	0.000210	0.996342	0.704665	-0.019606	1.035259	0.616546	-0.101338	0.380625	0.678852	0.082298	0.638268
194	27	0.030000	0.050000	0.625800	0.023087	0.101595	0.617650	0.091255	0.090184	0.658314	-0.060947	0.031240	-0.038638	0.711699	0.089091	0.635697	0.616546	-0.101338	0.380625	-0.031987	-0.031517	-0.079302	-0.906865	0.032454	0.027186	2.197051	-1.220916	-0.081138	-0.449885	-0.021621	-0.053599	1.044447	-0.565504	-0.063298	-1.194230	0.131827	-0.122737	2.092784	-0.831832	-0.079523	-0.200236	0.120852	-0.301532	0.692865	-0.496067	-0.150755	1	0.984878	0.122700	0.564600	0.648581	-0.052616	1.006425	0.643799	-0.000780	0.998275	0.711439	-0.014989	1.038939	0.616546	-0.101338	0.380625	0.711699	0.089091	0.635697
195	28	0.030000	0.050000	0.625800	0.026457	0.100491	0.619588	0.098323	0.093002	0.660861	-0.059555	0.031692	-0.037662	0.741405	0.091963	0.631352	0.616546	-0.101338	0.380625	-0.024757	-0.031632	-0.078935	-0.978322	0.019055	0.012514	2.175933	-1.135036	-0.077871	-0.432434	-0.017745	-0.052988	1.022294	-0.564778	-0.066077	-1.210174	0.117782	-0.092190	2.049543	-0.826143	-0.073327	-0.165593	0.111742	-0.289948	0.684138	-0.505658	-0.145235	1	0.983046	0.125684	0.564600	0.648184	-0.052357	1.006425	0.646313	-0.001777	1.000213	0.717892	-0.011640	1.041486	0.616546	-0.101338	0.380625	0.741405	0.091963	0.631352
196	29	0.030000	0.050000	0.625800	0.029865	0.099452	0.621538	0.104642	0.096123	0.662298	-0.057610	0.031949	-0.037116	0.765116	0.094635	0.627081	0.616546	-0.101338	0.380625	-0.017321	-0.031133	-0.077876	-1.038786	0.011882	0.002351	2.148619	-1.053156	-0.073811	-0.417226	-0.014550	-0.053073	1.005318	-0.567254	-0.068392	-1.212092	0.109576	-0.068781	2.013171	-0.822633	-0.063253	-0.132042	0.105879	-0.279984	0.675369	-0.510691	-0.130851	1	0.981551	0.128081	0.564600	0.647862	-0.052151	1.006425	0.649040	-0.002713	1.002164	0.723702	-0.008025	1.042924	0.616546	-0.101338	0.380625	0.765116	0.094635	0.627081
197	30	0.030000	0.050000	0.625800	0.033330	0.098492	0.623510	0.112139	0.100401	0.662887	-0.055181	0.032155	-0.036847	0.783393	0.098229	0.624631	0.616546	-0.101338	0.380625	-0.007602	-0.030701	-0.076224	-1.089075	0.009567	-0.003534	2.117254	-0.976192	-0.068487	-0.402246	-0.009817	-0.054307	0.991030	-0.571234	-0.069365	-1.205930	0.103406	-0.053514	1.993195	-0.817328	-0.037625	-0.100731	0.105444	-0.258919	0.667640	-0.522301	-0.126684	1	0.979036	0.132034	0.564600	0.647326	-0.051814	1.006425	0.651415	-0.003379	1.004135	0.730245	-0.002706	1.043513	0.616546	-0.101338	0.380625	0.783393	0.098229	0.624631
198	31	0.030000	0.050000	0.625800	0.036867	0.097622	0.625512	0.118703	0.103547	0.662608	-0.052704	0.032473	-0.036707	0.798807	0.098301	0.621624	0.616546	-0.101338	0.380625	0.000386	-0.030086	-0.073804	-1.135662	0.009643	-0.006921	2.084947	-0.901019	-0.062038	-0.389105	-0.005973	-0.055739	0.979571	-0.576005	-0.069632	-1.196096	0.093759	-0.037832	1.976671	-0.806624	0.015379	-0.073606	0.106203	-0.242353	0.663234	-0.529850	-0.116362	1	0.977230	0.134816	0.564600	0.646944	-0.051578	1.006425	0.654191	-0.004013	1.006137	0.736071	0.001260	1.043234	0.616546	-0.101338	0.380625	0.798807	0.098301	0.621624
199	32	0.030000	0.050000	0.625800	0.040497	0.096853	0.627553	0.132895	0.110165	0.659922	-0.049561	0.032452	-0.037207	0.820756	0.102564	0.613235	0.616546	-0.101338	0.380625	0.016123	-0.033881	-0.069575	-1.180050	0.011267	-0.010669	2.054167	-0.829768	-0.056897	-0.377984	-0.002312	-0.057343	0.973141	-0.583317	-0.069985	-1.183909	0.082356	-0.030507	1.949528	-0.795654	0.064571	-0.042219	0.106424	-0.223404	0.661401	-0.543384	-0.110801	1	0.975813	0.136966	0.564600	0.646646	-0.051398	1.006425	0.657237	-0.004566	1.008179	0.749661	0.008561	1.040547	0.616546	-0.101338	0.380625	0.820756	0.102564	0.613235
200	33	0.030000	0.050000	0.625800	0.044237	0.096194	0.629644	0.137328	0.115371	0.658569	-0.047567	0.032761	-0.037987	0.837285	0.104487	0.602739	0.616546	-0.101338	0.380625	0.022783	-0.031149	-0.066913	-1.218589	0.014586	-0.014319	2.020970	-0.761711	-0.052237	-0.366783	-0.000833	-0.057135	0.963957	-0.585294	-0.072916	-1.161181	0.078487	-0.019432	1.902460	-0.781726	0.113342	-0.015868	0.099820	-0.218542	0.656058	-0.564427	-0.125963	1	0.977525	0.134364	0.564600	0.647006	-0.051617	1.006425	0.661669	-0.005556	1.010269	0.754932	0.012761	1.039195	0.616546	-0.101338	0.380625	0.837285	0.104487	0.602739
201	34	0.030000	0.050000	0.625800	0.048109	0.095656	0.631794	0.137508	0.121813	0.658071	-0.046106	0.033531	-0.039589	0.851786	0.108242	0.587755	0.616546	-0.101338	0.380625	0.027463	-0.023602	-0.065866	-1.248534	0.020298	-0.018474	1.983729	-0.697979	-0.046535	-0.350087	0.002252	-0.054854	0.943066	-0.583266	-0.072874	-1.125490	0.087256	-0.001781	1.826673	-0.763933	0.135613	0.002318	0.089167	-0.205887	0.647877	-0.583758	-0.122144	1	0.978540	0.132802	0.564600	0.647221	-0.051749	1.006425	0.665947	-0.006342	1.012419	0.755692	0.018601	1.038696	0.616546	-0.101338	0.380625	0.851786	0.108242	0.587755
202	35	0.030000	0.050000	0.625800	0.052133	0.095248	0.634014	0.144654	0.125335	0.655854	-0.043684	0.033597	-0.042031	0.869788	0.111431	0.567405	0.616546	-0.101338	0.380625	0.035096	-0.023491	-0.063870	-1.268992	0.025111	-0.023869	1.945038	-0.643303	-0.040252	-0.334249	0.007047	-0.053391	0.926238	-0.585267	-0.069279	-1.073446	0.096835	0.013633	1.736091	-0.737617	0.123102	0.024808	0.084335	-0.179518	0.640539	-0.592864	-0.110536	1	0.977726	0.134055	0.564600	0.647049	-0.051643	1.006425	0.669637	-0.006620	1.014640	0.762456	0.022532	1.036479	0.616546	-0.101338	0.380625	0.869788	0.111431	0.567405
203	36	0.030000	0.050000	0.625800	0.056331	0.094979	0.636316	0.151436	0.131763	0.654237	-0.040547	0.032697	-0.043455	0.870616	0.115199	0.561667	0.616546	-0.101338	0.380625	0.045119	-0.022615	-0.061376	-1.286821	0.022310	-0.029517	1.908808	-0.594088	-0.033193	-0.320200	0.011429	-0.050328	0.913797	-0.589941	-0.065579	-1.029105	0.115226	0.029409	1.728992	-0.677356	0.098686	0.053255	0.073478	-0.152668	0.633892	-0.601946	-0.093817	1	0.977937	0.133733	0.564600	0.647093	-0.051670	1.006425	0.673916	-0.006982	1.016942	0.769419	0.028755	1.034863	0.616546	-0.101338	0.380625	0.870616	0.115199	0.561667
204	37	0.030000	0.050000	0.625800	0.060727	0.094860	0.638712	0.158975	0.136663	0.653416	-0.037893	0.032240	-0.044138	0.877672	0.117742	0.559383	0.616546	-0.101338	0.380625	0.053673	-0.022675	-0.058842	-1.304491	0.023743	-0.029731	1.871510	-0.542936	-0.024322	-0.307055	0.015148	-0.046197	0.903076	-0.594452	-0.062255	-1.001545	0.125299	0.049738	1.722814	-0.631794	0.109830	0.080832	0.059501	-0.128977	0.627594	-0.615446	-0.082010	1	0.977968	0.133684	0.564600	0.647100	-0.051674	1.006425	0.678324	-0.007158	1.019337	0.777029	0.033551	1.034041	0.616546	-0.101338	0.380625	0.877672	0.117742	0.559383
205	38	0.030000	0.050000	0.625800	0.065347	0.094899	0.641214	0.169225	0.143020	0.651354	-0.034643	0.031776	-0.045003	0.882273	0.118777	0.557399	0.616546	-0.101338	0.380625	0.065218	-0.024207	-0.055143	-1.323680	0.027149	-0.027683	1.841347	-0.497987	-0.012609	-0.295017	0.018972	-0.041151	0.895032	-0.599771	-0.058181	-0.970124	0.133063	0.071513	1.730160	-0.620262	0.115298	0.108691	0.044502	-0.103961	0.621416	-0.628363	-0.075839	1	0.978498	0.132868	0.564600	0.647212	-0.051743	1.006425	0.683156	-0.007321	1.021840	0.787667	0.039407	1.031979	0.616546	-0.101338	0.380625	0.882273	0.118777	0.557399
206	39	0.030000	0.050000	0.625800	0.070216	0.095105	0.643837	0.174967	0.146907	0.650858	-0.031885	0.031664	-0.045855	0.881631	0.118046	0.557345	0.616546	-0.101338	0.380625	0.070945	-0.023853	-0.052876	-1.339957	0.034038	-0.022496	1.814597	-0.459900	-0.003757	-0.278219	0.020255	-0.035874	0.875325	-0.598121	-0.056664	-0.943714	0.120254	0.083110	1.737574	-0.649523	0.096202	0.128641	0.026606	-0.096127	0.609042	-0.635665	-0.057642	1	0.980716	0.129404	0.564600	0.647684	-0.052038	1.006425	0.688923	-0.007866	1.024463	0.794832	0.041523	1.031483	0.616546	-0.101338	0.380625	0.881631	0.118046	0.557345
207	40	0.030000	0.050000	0.625800	0.075364	0.095490	0.646595	0.184111	0.151618	0.649190	-0.029378	0.031629	-0.046711	0.884025	0.118258	0.555139	0.616546	-0.101338	0.380625	0.079167	-0.024890	-0.049306	-1.352194	0.039515	-0.017884	1.785540	-0.420670	0.003927	-0.260080	0.021728	-0.031065	0.852926	-0.594319	-0.054719	-0.924164	0.109729	0.095685	1.739202	-0.669241	0.114859	0.147450	0.012579	-0.087878	0.595346	-0.636325	-0.054915	1	0.981231	0.128588	0.564600	0.647794	-0.052108	1.006425	0.694287	-0.007773	1.027221	0.804411	0.045604	1.029816	0.616546	-0.101338	0.380625	0.884025	0.118258	0.555139
208	41	0.030000	0.050000	0.625800	0.080821	0.096062	0.649504	0.188632	0.154868	0.650462	-0.027778	0.032035	-0.047632	0.880712	0.117223	0.556600	0.616546	-0.101338	0.380625	0.082465	-0.022075	-0.048590	-1.360968	0.048177	-0.012201	1.755486	-0.385453	0.012821	-0.231275	0.023221	-0.027602	0.807476	-0.578191	-0.050326	-0.910460	0.104863	0.111447	1.742125	-0.696444	0.100822	0.155460	0.001858	-0.074687	0.569158	-0.636733	-0.038843	1	0.981020	0.128923	0.564600	0.647749	-0.052079	1.006425	0.699670	-0.007261	1.030130	0.808874	0.048915	1.031088	0.616546	-0.101338	0.380625	0.880712	0.117223	0.556600
209	42	0.030000	0.050000	0.625800	0.086618	0.096834	0.652581	0.195339	0.154133	0.650886	-0.026794	0.031835	-0.048446	0.879308	0.114008	0.556575	0.616546	-0.101338	0.380625	0.082979	-0.023421	-0.046751	-1.363109	0.050934	-0.008922	1.722236	-0.352160	0.015371	-0.200573	0.022355	-0.029694	0.758646	-0.560490	-0.045651	-0.903651	0.095812	0.114568	1.743505	-0.700250	0.100842	0.166514	0.005079	-0.067535	0.539331	-0.627614	-0.003526	1	0.980038	0.130470	0.564600	0.647539	-0.051947	1.006425	0.705081	-0.006253	1.033206	0.814925	0.048863	1.031511	0.616546	-0.101338	0.380625	0.879308	0.114008	0.556575
210	43	0.030000	0.050000	0.625800	0.092791	0.097817	0.655842	0.198726	0.158325	0.652049	-0.025548	0.032770	-0.049217	0.876917	0.113019	0.557598	0.616546	-0.101338	0.380625	0.084946	-0.018945	-0.045423	-1.359359	0.056335	-0.004374	1.689243	-0.324688	0.015598	-0.164581	0.022558	-0.026798	0.698274	-0.536300	-0.042823	-0.900285	0.080430	0.120125	1.743301	-0.716413	0.089576	0.170280	-0.004619	-0.064214	0.510952	-0.615411	0.004981	1	0.981267	0.128532	0.564600	0.647801	-0.052113	1.006425	0.711782	-0.005899	1.036468	0.819214	0.051909	1.032674	0.616546	-0.101338	0.380625	0.876917	0.113019	0.557598
211	44	0.030000	0.050000	0.625800	0.099377	0.099023	0.659308	0.203509	0.164097	0.652419	-0.024082	0.033052	-0.050210	0.876268	0.114905	0.556094	0.616546	-0.101338	0.380625	0.088767	-0.015354	-0.043320	-1.349273	0.058508	-0.000731	1.658653	-0.303608	0.015724	-0.127508	0.021934	-0.023388	0.637093	-0.512903	-0.040765	-0.892649	0.066011	0.124478	1.734694	-0.728042	0.124330	0.179842	-0.019192	-0.066183	0.478977	-0.597508	0.023222	1	0.982878	0.125955	0.564600	0.648148	-0.052334	1.006425	0.719074	-0.005580	1.039934	0.825256	0.056091	1.033045	0.616546	-0.101338	0.380625	0.876268	0.114905	0.556094
212	45	0.030000	0.050000	0.625800	0.106416	0.100467	0.663000	0.205641	0.168441	0.653974	-0.022411	0.033462	-0.050819	0.875471	0.112618	0.557392	0.616546	-0.101338	0.380625	0.089678	-0.010150	-0.041793	-1.336364	0.062754	0.003144	1.632337	-0.291200	0.012434	-0.085119	0.020746	-0.022463	0.566111	-0.484770	-0.037308	-0.888422	0.047748	0.127558	1.732768	-0.741262	0.111112	0.194125	-0.025720	-0.066009	0.436596	-0.573792	0.046873	1	0.984670	0.123041	0.564600	0.648536	-0.052586	1.006425	0.726922	-0.005238	1.043625	0.828804	0.058684	1.034599	0.616546	-0.101338	0.380625	0.875471	0.112618	0.557392
213	46	0.030000	0.050000	0.625800	0.113955	0.102163	0.666940	0.211736	0.172502	0.654010	-0.021229	0.033146	-0.051584	0.876049	0.116193	0.555893	0.616546	-0.101338	0.380625	0.092013	-0.007904	-0.038654	-1.316649	0.061944	0.005461	1.606264	-0.285407	0.009509	-0.041234	0.019481	-0.021670	0.492926	-0.455795	-0.033678	-0.884280	0.034351	0.125027	1.726120	-0.741757	0.115854	0.210087	-0.034080	-0.066156	0.397889	-0.547156	0.061534	1	0.984599	0.123158	0.564600	0.648520	-0.052576	1.006425	0.734492	-0.003810	1.047566	0.835006	0.062566	1.034636	0.616546	-0.101338	0.380625	0.876049	0.116193	0.555893
214	47	0.030000	0.050000	0.625800	0.122042	0.104128	0.671155	0.213316	0.178388	0.654944	-0.020234	0.033673	-0.052317	0.875338	0.118781	0.555174	0.616546	-0.101338	0.380625	0.092305	-0.000687	-0.036106	-1.290049	0.063218	0.009306	1.582834	-0.288451	0.006992	0.005745	0.018655	-0.020111	0.413691	-0.424361	-0.030730	-0.881681	0.018645	0.129058	1.714854	-0.745564	0.119933	0.216394	-0.050775	-0.070615	0.367158	-0.522659	0.068684	1	0.986370	0.120229	0.564600	0.648906	-0.052832	1.006425	0.743434	-0.003173	1.051780	0.838160	0.066631	1.035569	0.616546	-0.101338	0.380625	0.875338	0.118781	0.555174
215	48	0.038780	0.053418	0.630270	0.130727	0.106380	0.675669	0.213939	0.180917	0.656746	-0.019681	0.034446	-0.053217	0.873512	0.117983	0.554625	0.616546	-0.101338	0.380625	0.088432	0.006311	-0.034294	-1.256307	0.063602	0.014215	1.560683	-0.299102	0.007947	0.056883	0.018086	-0.019866	0.327265	-0.389787	-0.027171	-0.881366	0.008009	0.140642	1.697375	-0.740919	0.135027	0.215575	-0.065015	-0.074030	0.336922	-0.504279	0.076611	1	0.987635	0.118102	0.564600	0.658135	-0.050076	1.010895	0.752789	-0.002120	1.056294	0.839879	0.067847	1.037371	0.616546	-0.101338	0.380625	0.873512	0.117983	0.554625
216	49	0.061694	0.062337	0.641935	0.140041	0.108928	0.680499	0.211293	0.183797	0.658916	-0.018807	0.035314	-0.054028	0.869234	0.115423	0.555014	0.616546	-0.101338	0.380625	0.082734	0.016035	-0.032445	-1.222342	0.061578	0.018586	1.542994	-0.314762	0.009848	0.113020	0.017089	-0.021970	0.232287	-0.351760	-0.022732	-0.880326	0.000859	0.148141	1.685368	-0.741273	0.144650	0.215200	-0.072873	-0.080485	0.300192	-0.478710	0.087841	1	0.990397	0.113363	0.564600	0.682239	-0.043229	1.022561	0.763503	-0.001937	1.061124	0.839564	0.068041	1.039541	0.616546	-0.101338	0.380625	0.869234	0.115423	0.555014
217	50	0.093602	0.074758	0.658180	0.149972	0.111765	0.685639	0.208004	0.187592	0.660750	-0.017553	0.036167	-0.054749	0.865345	0.112020	0.554948	0.616546	-0.101338	0.380625	0.077492	0.027018	-0.029860	-1.186483	0.058776	0.022642	1.524900	-0.332208	0.010463	0.170817	0.015807	-0.025260	0.135906	-0.314112	-0.017334	-0.879235	-0.010331	0.152748	1.673283	-0.741663	0.148168	0.218567	-0.078565	-0.088681	0.257717	-0.446123	0.101287	1	0.993733	0.107447	0.564600	0.715965	-0.034510	1.038805	0.775181	-0.002252	1.066264	0.839238	0.068559	1.041375	0.616546	-0.101338	0.380625	0.865345	0.112020	0.554948
218	51	0.129365	0.088679	0.676386	0.160448	0.114861	0.691051	0.204480	0.193186	0.661939	-0.016646	0.036567	-0.055486	0.862934	0.113231	0.553396	0.616546	-0.101338	0.380625	0.073173	0.039065	-0.026373	-1.149932	0.053358	0.027132	1.504766	-0.348782	0.015619	0.224294	0.014502	-0.028750	0.050367	-0.283603	-0.011662	-0.873858	-0.009632	0.156096	1.659145	-0.741056	0.151038	0.226978	-0.087318	-0.099207	0.215882	-0.416286	0.121145	1	0.997296	0.100877	0.564600	0.754077	-0.025943	1.057012	0.787606	-0.002977	1.071677	0.839198	0.070589	1.042564	0.616546	-0.101338	0.380625	0.862934	0.113231	0.553396
219	52	0.163842	0.102099	0.693939	0.171346	0.118164	0.696676	0.197434	0.195335	0.664715	-0.015671	0.037149	-0.056123	0.856827	0.109124	0.554498	0.616546	-0.101338	0.380625	0.064217	0.053081	-0.024162	-1.113203	0.049259	0.031647	1.486211	-0.366752	0.019128	0.271701	0.012340	-0.031207	-0.020038	-0.261672	-0.005262	-0.869716	-0.015614	0.163649	1.647061	-0.741187	0.150809	0.231989	-0.092158	-0.107296	0.167749	-0.388387	0.139112	1	1.000697	0.094339	0.564600	0.791150	-0.018985	1.074564	0.800471	-0.003902	1.077301	0.835357	0.069711	1.045340	0.616546	-0.101338	0.380625	0.856827	0.109124	0.554498
220	53	0.191896	0.113019	0.708221	0.182523	0.121618	0.702438	0.190825	0.200027	0.665904	-0.015043	0.037360	-0.056784	0.852747	0.109621	0.553139	0.616546	-0.101338	0.380625	0.057783	0.067584	-0.020249	-1.075972	0.042177	0.035824	1.465214	-0.383466	0.024492	0.307651	0.010140	-0.034179	-0.066292	-0.253601	0.001560	-0.862813	-0.014123	0.164921	1.634397	-0.739496	0.154696	0.240443	-0.098848	-0.126553	0.127866	-0.360401	0.147816	1	1.005275	0.085080	0.564600	0.822379	-0.016308	1.088846	0.814303	-0.006482	1.083063	0.833505	0.069993	1.046529	0.616546	-0.101338	0.380625	0.852747	0.109621	0.553139
221	54	0.210687	0.120334	0.717787	0.193845	0.125166	0.708270	0.185800	0.201966	0.667276	-0.014413	0.038035	-0.057358	0.848681	0.108046	0.552648	0.616546	-0.101338	0.380625	0.049688	0.081091	-0.016364	-1.039233	0.036440	0.040711	1.445009	-0.399830	0.030435	0.337456	0.006094	-0.038494	-0.096708	-0.252120	0.009449	-0.856575	-0.012666	0.172916	1.622338	-0.743043	0.165227	0.237077	-0.104421	-0.124371	0.106313	-0.334983	0.152056	1	1.007441	0.080493	0.564600	0.843049	-0.014356	1.098413	0.827134	-0.007025	1.088896	0.830833	0.070106	1.047901	0.616546	-0.101338	0.380625	0.848681	0.108046	0.552648
222	55	0.219467	0.123752	0.722257	0.205216	0.128770	0.714125	0.181839	0.207562	0.667596	-0.013550	0.038877	-0.057879	0.845853	0.112205	0.550473	0.616546	-0.101338	0.380625	0.045537	0.096002	-0.011350	-1.002139	0.029504	0.045339	1.423236	-0.415264	0.036589	0.364621	0.002588	-0.043900	-0.120262	-0.254785	0.016150	-0.849663	-0.008831	0.180563	1.608004	-0.740549	0.172517	0.230702	-0.117801	-0.119523	0.095465	-0.318930	0.154920	1	1.008706	0.077748	0.564600	0.852865	-0.013965	1.102883	0.839589	-0.006749	1.094750	0.829006	0.074753	1.048221	0.616546	-0.101338	0.380625	0.845853	0.112205	0.550473
223	0	-0.114828	-0.099361	0.499205	0.021368	-0.111160	0.557318	-0.015834	-0.034251	0.499205	-0.013284	0.039554	-0.058469	0.840516	0.103773	0.550843	0.616546	-0.101338	0.380625	0.024084	0.116383	-0.000355	-0.566032	0.036189	0.044963	1.399356	-0.829832	-0.004941	0.448555	0.005953	-0.134060	-0.199158	-0.268851	0.041104	-0.842726	-0.011677	0.190687	1.595732	-0.742394	0.180202	0.217169	-0.117972	-0.124384	0.096470	-0.307618	0.165272	0	1.287400	-0.118500	0.734600	0.728531	0.001218	1.050048	0.865006	-0.006742	1.108162	0.825652	0.069089	1.050048	0.840516	0.103773	0.550843	0.616546	-0.101338	0.380625
224	1	-0.107791	-0.096962	0.505356	0.019800	-0.106483	0.560749	-0.014494	-0.033803	0.501351	-0.012724	0.040509	-0.058912	0.840516	0.103773	0.550843	0.619564	-0.103415	0.382905	0.023314	0.112340	0.000487	-0.562650	0.031080	0.053674	1.379251	-0.813504	0.003124	0.465136	0.001356	-0.141165	-0.240943	-0.242270	0.046895	-0.833020	-0.008541	0.196459	1.583733	-0.740490	0.185482	0.201616	-0.127943	-0.120366	0.114946	-0.302086	0.169708	0	1.286809	-0.119685	0.734600	0.735233	0.004092	1.056199	0.863026	-0.002170	1.111592	0.826889	0.069611	1.052194	0.840516	0.103773	0.550843	0.619564	-0.103415	0.382905
225	2	-0.089424	-0.090703	0.521410	0.008206	-0.100317	0.560868	-0.012548	-0.032041	0.503457	-0.012379	0.041699	-0.059464	0.840516	0.103773	0.550843	0.623593	-0.097473	0.384556	0.028945	0.099877	-0.002053	-0.585225	0.029919	0.065577	1.368922	-0.780498	0.015319	0.470338	-0.003412	-0.148449	-0.288810	-0.199294	0.053856	-0.819325	-0.011387	0.206088	1.568529	-0.748687	0.197462	0.174661	-0.135723	-0.123969	0.158801	-0.301811	0.171119	0	1.285275	-0.122722	0.734600	0.752803	0.011414	1.072253	0.850596	0.003626	1.111711	0.828569	0.071502	1.054301	0.840516	0.103773	0.550843	0.623593	-0.097473	0.384556
226	3	-0.063849	-0.081986	0.543766	-0.005698	-0.094002	0.560109	-0.011037	-0.032772	0.506568	-0.011612	0.043295	-0.059778	0.840516	0.103773	0.550843	0.622886	-0.102554	0.391156	0.033744	0.084773	-0.006236	-0.613373	0.029773	0.078958	1.358833	-0.742596	0.028582	0.463611	-0.013093	-0.160839	-0.317322	-0.161150	0.058008	-0.802954	-0.008532	0.210213	1.553207	-0.749861	0.198145	0.139260	-0.152963	-0.109693	0.239386	-0.310008	0.186470	0	1.284294	-0.124639	0.734600	0.777852	0.020877	1.094609	0.836170	0.009698	1.110953	0.829951	0.070845	1.057411	0.840516	0.103773	0.550843	0.622886	-0.102554	0.391156
227	4	-0.035184	-0.072216	0.568823	-0.017740	-0.088157	0.559893	-0.010144	-0.030192	0.508971	-0.011440	0.044932	-0.059963	0.840516	0.103773	0.550843	0.625724	-0.092942	0.395603	0.039422	0.073754	-0.009041	-0.637519	0.029622	0.091278	1.351093	-0.710157	0.040834	0.434886	-0.024471	-0.166989	-0.294527	-0.154099	0.064446	-0.787247	-0.008779	0.222158	1.537373	-0.760843	0.226774	0.092857	-0.158562	-0.105917	0.330317	-0.319033	0.205174	0	1.282471	-0.128146	0.734600	0.805800	0.031331	1.119666	0.823346	0.015503	1.110736	0.830567	0.073516	1.059814	0.840516	0.103773	0.550843	0.625724	-0.092942	0.395603
228	5	-0.007548	-0.062797	0.592979	-0.026952	-0.082914	0.560548	-0.007164	-0.030512	0.512530	-0.011200	0.046181	-0.059938	0.840516	0.103773	0.550843	0.628858	-0.090703	0.404969	0.042742	0.061277	-0.011920	-0.652239	0.027954	0.100429	1.338935	-0.684407	0.052530	0.392023	-0.038977	-0.170882	-0.235326	-0.168422	0.069107	-0.769905	-0.019228	0.218583	1.520644	-0.757741	0.230976	0.047673	-0.164358	-0.095390	0.435216	-0.331772	0.207302	0	1.279675	-0.133397	0.734600	0.832625	0.041017	1.143822	0.813112	0.021007	1.111391	0.833186	0.073300	1.063373	0.840516	0.103773	0.550843	0.628858	-0.090703	0.404969
229	6	0.014938	-0.055134	0.612634	-0.033717	-0.078237	0.561910	-0.006286	-0.028463	0.516144	-0.011096	0.047692	-0.059539	0.840516	0.103773	0.550843	0.630066	-0.081512	0.416452	0.045342	0.054373	-0.013773	-0.661302	0.026370	0.109214	1.326562	-0.663479	0.062271	0.341000	-0.053068	-0.170452	-0.153964	-0.197724	0.073882	-0.754531	-0.026923	0.219815	1.503242	-0.761626	0.242087	-0.003111	-0.165414	-0.088721	0.554509	-0.352326	0.205908	0	1.276697	-0.138831	0.734600	0.854466	0.048381	1.163477	0.805406	0.026151	1.112753	0.833722	0.075427	1.066987	0.840516	0.103773	0.550843	0.630066	-0.081512	0.416452
230	7	0.030000	-0.050000	0.625800	-0.038646	-0.074073	0.563718	-0.002417	-0.030109	0.520928	-0.010580	0.048734	-0.059130	0.840516	0.103773	0.550843	0.631357	-0.079549	0.433198	0.046193	0.044029	-0.016340	-0.665873	0.024075	0.116963	1.311472	-0.644936	0.070969	0.286190	-0.064926	-0.172436	-0.060346	-0.235642	0.077361	-0.731717	-0.032923	0.214525	1.484646	-0.761666	0.242322	-0.051269	-0.176936	-0.084664	0.679937	-0.383906	0.201372	0	1.273022	-0.145325	0.734600	0.868859	0.052815	1.176643	0.799460	0.031008	1.114561	0.837112	0.073759	1.071771	0.840516	0.103773	0.550843	0.631357	-0.079549	0.433198
231	8	0.030000	-0.050000	0.625800	-0.042201	-0.070388	0.565768	-0.001309	-0.029712	0.526165	-0.010453	0.049816	-0.058554	0.840516	0.103773	0.550843	0.634728	-0.070555	0.449668	0.046145	0.038706	-0.018951	-0.668117	0.021248	0.124530	1.296495	-0.628191	0.078916	0.238732	-0.075018	-0.170167	0.018816	-0.267500	0.081926	-0.706569	-0.031730	0.215060	1.463401	-0.761943	0.243264	-0.096394	-0.178981	-0.084864	0.794559	-0.423970	0.212325	0	1.269913	-0.150646	0.734600	0.868227	0.052469	1.176643	0.795180	0.035362	1.116611	0.837867	0.074150	1.077008	0.840516	0.103773	0.550843	0.634728	-0.070555	0.449668
232	9	0.030000	-0.050000	0.625800	-0.044668	-0.067152	0.567943	0.001750	-0.030627	0.532709	-0.009835	0.049705	-0.058162	0.840516	0.103773	0.550843	0.634322	-0.063695	0.471378	0.046218	0.031080	-0.022928	-0.668288	0.017993	0.131216	1.281729	-0.613889	0.086455	0.146480	-0.092394	-0.156765	0.202910	-0.359115	0.088341	-0.672097	-0.030886	0.212824	1.436888	-0.760764	0.242340	-0.127039	-0.180524	-0.080217	0.907904	-0.464779	0.214613	0	1.267112	-0.155315	0.734600	0.867666	0.052170	1.176643	0.792154	0.039230	1.118786	0.840547	0.073096	1.083552	0.840516	0.103773	0.550843	0.634322	-0.063695	0.471378
233	10	0.030000	-0.050000	0.625800	-0.046215	-0.064332	0.570187	0.003378	-0.029083	0.539440	-0.008840	0.049777	-0.057699	0.840516	0.103773	0.550843	0.636384	-0.057124	0.491616	0.047620	0.027100	-0.026952	-0.666693	0.014482	0.136834	1.268691	-0.602690	0.093355	0.006743	-0.118209	-0.127159	0.519955	-0.535894	0.100043	-0.636832	-0.031917	0.214123	1.406754	-0.758700	0.249626	-0.154318	-0.177967	-0.068098	1.002397	-0.510463	0.219423	0	1.263879	-0.160564	0.734600	0.867027	0.051838	1.176643	0.790010	0.042752	1.121030	0.841897	0.074527	1.090283	0.840516	0.103773	0.550843	0.636384	-0.057124	0.491616
234	11	0.030000	-0.050000	0.625800	-0.046956	-0.061888	0.572480	0.007509	-0.031258	0.547229	-0.007394	0.049034	-0.057490	0.840516	0.103773	0.550843	0.637186	-0.054665	0.514720	0.047191	0.018617	-0.032239	-0.662719	0.010484	0.140782	1.256004	-0.595139	0.098677	-0.153323	-0.144587	-0.089975	0.905885	-0.761475	0.115190	-0.598159	-0.038522	0.205646	1.371967	-0.749751	0.239400	-0.174865	-0.175931	-0.052992	1.092978	-0.550839	0.215703	0	1.258280	-0.169328	0.734600	0.865939	0.051297	1.176643	0.788229	0.046317	1.123323	0.845209	0.071970	1.098072	0.840516	0.103773	0.550843	0.637186	-0.054665	0.514720
235	12	0.030000	-0.050000	0.625800	-0.046986	-0.059784	0.574810	0.010507	-0.029113	0.555098	-0.005960	0.048438	-0.057247	0.840516	0.103773	0.550843	0.637960	-0.050384	0.537207	0.049422	0.014102	-0.037535	-0.657012	0.005233	0.143013	1.243868	-0.589749	0.102896	-0.307832	-0.163800	-0.047536	1.300581	-1.001948	0.131336	-0.561548	-0.049950	0.198722	1.333106	-0.726244	0.249170	-0.192267	-0.170570	-0.036359	1.171339	-0.542588	0.180791	0	1.251495	-0.179435	0.734600	0.864652	0.050693	1.176643	0.787053	0.049703	1.125653	0.847653	0.073656	1.105941	0.840516	0.103773	0.550843	0.637960	-0.050384	0.537207
236	13	0.030000	-0.050000	0.625800	-0.046390	-0.057986	0.577166	0.014427	-0.030367	0.560927	-0.004527	0.046889	-0.057534	0.840516	0.103773	0.550843	0.637251	-0.052525	0.550354	0.048462	0.006222	-0.041294	-0.649691	0.001640	0.145320	1.234267	-0.588347	0.104881	-0.448141	-0.183280	-0.007937	1.669336	-1.231134	0.150996	-0.530664	-0.078005	0.196513	1.291816	-0.703867	0.252496	-0.202468	-0.180064	-0.001728	1.210780	-0.508485	0.178882	0	1.241096	-0.193962	0.734600	0.862736	0.049863	1.176643	0.786008	0.053341	1.128010	0.850261	0.071596	1.111770	0.840516	0.103773	0.550843	0.637251	-0.052525	0.550354
237	14	0.030000	-0.050000	0.625800	-0.045249	-0.056463	0.579538	0.018943	-0.032647	0.565765	-0.003338	0.045460	-0.057589	0.840516	0.103773	0.550843	0.634280	-0.049086	0.566559	0.046136	-0.001870	-0.043816	-0.642301	-0.002114	0.147518	1.225824	-0.588196	0.106703	-0.560036	-0.196532	0.026622	1.971738	-1.422752	0.170495	-0.502754	-0.101500	0.194062	1.257038	-0.687896	0.259398	-0.212789	-0.180558	0.028766	1.270647	-0.528422	0.193984	0	1.229605	-0.208830	0.734600	0.860691	0.049065	1.176643	0.785553	0.056712	1.130382	0.853055	0.068171	1.116609	0.840516	0.103773	0.550843	0.634280	-0.049086	0.566559
238	15	0.030000	-0.050000	0.625800	-0.043634	-0.055189	0.581917	0.023170	-0.034679	0.571935	-0.001631	0.045903	-0.056838	0.840516	0.103773	0.550843	0.635536	-0.044586	0.591283	0.044297	-0.006766	-0.046857	-0.633600	-0.006241	0.149322	1.214420	-0.585834	0.109424	-0.630250	-0.203662	0.051107	2.158424	-1.540199	0.186200	-0.476650	-0.108267	0.192267	1.225242	-0.677765	0.257303	-0.247959	-0.178300	0.049764	1.371157	-0.608599	0.210599	0	1.219067	-0.221512	0.734600	0.858873	0.048428	1.176643	0.785884	0.059444	1.132760	0.855554	0.064871	1.122778	0.840516	0.103773	0.550843	0.635536	-0.044586	0.591283
239	16	0.030000	-0.050000	0.625800	-0.041605	-0.054139	0.584294	0.029383	-0.035461	0.579195	0.000819	0.047334	-0.055655	0.840516	0.103773	0.550843	0.643499	-0.042649	0.620145	0.045004	-0.011283	-0.050557	-0.623865	-0.010541	0.150670	1.202219	-0.583345	0.112543	-0.667416	-0.204585	0.065723	2.212582	-1.558260	0.193307	-0.449047	-0.109622	0.191973	1.191196	-0.670231	0.259783	-0.303268	-0.179800	0.068379	1.485584	-0.684506	0.218447	0	1.208933	-0.232946	0.734600	0.857171	0.047892	1.176643	0.786778	0.061651	1.135137	0.860181	0.062130	1.130038	0.840516	0.103773	0.550843	0.643499	-0.042649	0.620145
240	17	0.030000	-0.050000	0.625800	-0.039218	-0.053293	0.586663	0.035786	-0.035488	0.586632	0.003269	0.049719	-0.054113	0.840516	0.103773	0.550843	0.658654	-0.044032	0.645533	0.045301	-0.014902	-0.054083	-0.612499	-0.014672	0.151731	1.189266	-0.582334	0.113940	-0.701715	-0.199017	0.072558	2.201436	-1.513521	0.192008	-0.425381	-0.121723	0.187982	1.153494	-0.652992	0.252116	-0.377939	-0.174431	0.098270	1.592033	-0.757636	0.228195	0	1.193402	-0.249189	0.734600	0.854638	0.047199	1.176643	0.787466	0.064226	1.137506	0.864403	0.059394	1.137475	0.840516	0.103773	0.550843	0.658654	-0.044032	0.645533
241	18	0.030000	-0.050000	0.625800	-0.036519	-0.052632	0.589021	0.042069	-0.035933	0.594678	0.005057	0.052260	-0.052662	0.840516	0.103773	0.550843	0.678868	-0.050822	0.664933	0.044476	-0.017748	-0.058319	-0.600535	-0.019323	0.152278	1.175884	-0.581549	0.115437	-0.748802	-0.179549	0.083538	2.198467	-1.465324	0.185110	-0.398315	-0.130382	0.182357	1.112426	-0.636568	0.252205	-0.457152	-0.159662	0.129084	1.669474	-0.788771	0.180070	0	1.178947	-0.263072	0.734600	0.852356	0.046678	1.176643	0.788687	0.066122	1.139864	0.868387	0.055980	1.145521	0.840516	0.103773	0.550843	0.678868	-0.050822	0.664933
242	19	0.030000	-0.050000	0.625800	-0.033548	-0.052139	0.591363	0.049611	-0.037090	0.602345	0.006251	0.054309	-0.051324	0.840516	0.103773	0.550843	0.704287	-0.063508	0.677551	0.042876	-0.021853	-0.062306	-0.589797	-0.024131	0.152307	1.165769	-0.583013	0.116477	-0.804724	-0.166145	0.087907	2.198758	-1.410415	0.177090	-0.364346	-0.136245	0.173238	1.073752	-0.624408	0.251285	-0.532104	-0.138152	0.155841	1.715485	-0.791917	0.171982	0	1.166193	-0.274441	0.734600	0.850395	0.046306	1.176643	0.790377	0.067303	1.142206	0.873347	0.051246	1.153188	0.840516	0.103773	0.550843	0.704287	-0.063508	0.677551
243	20	0.030000	-0.050000	0.625800	-0.030339	-0.051799	0.593689	0.056279	-0.037765	0.611181	0.007508	0.056675	-0.049743	0.840516	0.103773	0.550843	0.733037	-0.080251	0.689097	0.041406	-0.024260	-0.067235	-0.578114	-0.030485	0.150607	1.153926	-0.585145	0.115201	-0.863286	-0.153707	0.089999	2.197852	-1.350728	0.168672	-0.329354	-0.141520	0.149226	1.034849	-0.608254	0.243177	-0.605982	-0.119489	0.166501	1.742594	-0.791764	0.172337	0	1.153455	-0.285045	0.734600	0.848481	0.046010	1.176643	0.792279	0.068040	1.144532	0.877453	0.046947	1.162024	0.840516	0.103773	0.550843	0.733037	-0.080251	0.689097
244	21	0.030000	-0.050000	0.625800	-0.026920	-0.051600	0.595998	0.062356	-0.036159	0.618932	0.008521	0.058203	-0.047977	0.840516	0.103773	0.550843	0.760466	-0.097312	0.700385	0.041786	-0.026071	-0.070912	-0.567446	-0.036760	0.150603	1.144938	-0.590178	0.112350	-0.922435	-0.143593	0.095137	2.196032	-1.289087	0.164382	-0.295939	-0.159945	0.122375	0.995886	-0.591407	0.238183	-0.672582	-0.111870	0.181460	1.764010	-0.786497	0.184234	0	1.141129	-0.294653	0.734600	0.846669	0.045789	1.176643	0.794369	0.068309	1.146841	0.881845	0.044715	1.169775	0.840516	0.103773	0.550843	0.760466	-0.097312	0.700385
245	22	0.030000	-0.050000	0.625800	-0.023315	-0.051531	0.598289	0.064223	-0.036576	0.625714	0.008808	0.059428	-0.045881	0.840516	0.103773	0.550843	0.779443	-0.112089	0.714146	0.038942	-0.024109	-0.073306	-0.556403	-0.042788	0.151275	1.134306	-0.594521	0.109104	-0.979940	-0.133997	0.101680	2.191882	-1.226726	0.161772	-0.269708	-0.181335	0.096971	0.961312	-0.580436	0.237691	-0.731837	-0.106722	0.203838	1.796939	-0.779521	0.199858	0	1.129984	-0.302822	0.734600	0.845061	0.045640	1.176643	0.796662	0.068054	1.149132	0.881678	0.042388	1.176557	0.840516	0.103773	0.550843	0.779443	-0.112089	0.714146
246	23	0.030000	-0.050000	0.625800	-0.019542	-0.051581	0.600566	0.071429	-0.038391	0.630738	0.008509	0.060409	-0.043667	0.840516	0.103773	0.550843	0.804311	-0.131978	0.726278	0.035816	-0.027363	-0.073839	-0.547744	-0.048150	0.150192	1.127951	-0.598852	0.106048	-1.038900	-0.122061	0.106520	2.184448	-1.159270	0.158338	-0.241278	-0.193224	0.073816	0.941787	-0.560577	0.208143	-0.792301	-0.095703	0.226711	1.823545	-0.772475	0.215575	0	1.122052	-0.308354	0.734600	0.843934	0.045563	1.176643	0.799299	0.067117	1.151409	0.886026	0.036655	1.181581	0.840516	0.103773	0.550843	0.804311	-0.131978	0.726278
247	24	0.030000	-0.050000	0.625800	-0.015615	-0.051744	0.602829	0.077990	-0.038941	0.634824	0.007738	0.060895	-0.041655	0.840516	0.103773	0.550843	0.827585	-0.147076	0.737763	0.035000	-0.029563	-0.073650	-0.538858	-0.052985	0.147938	1.122631	-0.603928	0.104356	-1.094776	-0.107963	0.110440	2.173885	-1.091697	0.154831	-0.215243	-0.198141	0.061348	0.925894	-0.562176	0.212936	-0.844209	-0.083883	0.243853	1.847739	-0.770206	0.220470	0	1.121707	-0.308589	0.734600	0.843885	0.045560	1.176643	0.802671	0.065185	1.153672	0.891526	0.033085	1.185667	0.840516	0.103773	0.550843	0.827585	-0.147076	0.737763
248	25	0.030000	-0.050000	0.625800	-0.011546	-0.052011	0.605083	0.084523	-0.039771	0.638521	0.006708	0.060932	-0.040077	0.840516	0.103773	0.550843	0.849268	-0.156749	0.747333	0.033423	-0.032156	-0.073515	-0.530256	-0.058421	0.147092	1.117003	-0.610226	0.100634	-1.144971	-0.094955	0.114717	2.161140	-1.027212	0.151255	-0.188986	-0.210958	0.039332	0.907955	-0.562090	0.211926	-0.884613	-0.085664	0.246009	1.868644	-0.770105	0.220420	0	1.120035	-0.309724	0.734600	0.843650	0.045547	1.176643	0.805986	0.063200	1.155926	0.896626	0.029090	1.189364	0.840516	0.103773	0.550843	0.849268	-0.156749	0.747333
249	26	0.030000	-0.050000	0.625800	-0.007342	-0.052378	0.607330	0.089988	-0.043222	0.642297	0.005768	0.060742	-0.038945	0.840516	0.103773	0.550843	0.867822	-0.163275	0.754429	0.029451	-0.034106	-0.073912	-0.519315	-0.064404	0.145158	1.106556	-0.615103	0.096833	-1.192128	-0.083242	0.117754	2.145139	-0.962339	0.146032	-0.166582	-0.221006	0.017664	0.886794	-0.571572	0.231426	-0.921002	-0.094306	0.237264	1.882373	-0.769121	0.222544	0	1.119268	-0.310242	0.734600	0.843542	0.045542	1.176643	0.809451	0.060966	1.158174	0.899694	0.023374	1.193140	0.840516	0.103773	0.550843	0.867822	-0.163275	0.754429
250	27	0.030000	-0.050000	0.625800	-0.003005	-0.052840	0.609577	0.102350	-0.045873	0.645114	0.004600	0.059814	-0.037989	0.840516	0.103773	0.550843	0.893512	-0.174091	0.760734	0.027426	-0.043274	-0.073526	-0.511632	-0.070221	0.143265	1.104766	-0.623332	0.093434	-1.238971	-0.070160	0.119812	2.125617	-0.894420	0.140691	-0.133729	-0.226170	-0.001299	0.867270	-0.568315	0.228281	-0.957715	-0.097246	0.233367	1.892268	-0.769251	0.221886	0	1.119676	-0.309967	0.734600	0.843599	0.045545	1.176643	0.813109	0.058496	1.160420	0.909453	0.015300	1.195957	0.840516	0.103773	0.550843	0.893512	-0.174091	0.760734
251	28	0.030000	-0.050000	0.625800	0.001465	-0.053394	0.611829	0.113535	-0.049258	0.647663	0.002961	0.058501	-0.037287	0.840516	0.103773	0.550843	0.913858	-0.181195	0.767069	0.023353	-0.051776	-0.073121	-0.503088	-0.075713	0.143569	1.100620	-0.630103	0.089301	-1.285643	-0.057399	0.120180	2.105116	-0.825855	0.135445	-0.102052	-0.236175	-0.023021	0.842931	-0.557761	0.208622	-0.986460	-0.092439	0.232537	1.909934	-0.769175	0.222027	0	1.117226	-0.311609	0.734600	0.843255	0.045527	1.176643	0.816516	0.056054	1.162672	0.917176	0.006614	1.198506	0.840516	0.103773	0.550843	0.913858	-0.181195	0.767069
252	29	0.030000	-0.050000	0.625800	0.006070	-0.054036	0.614092	0.121478	-0.049678	0.650317	0.001107	0.057654	-0.036624	0.840516	0.103773	0.550843	0.935549	-0.181726	0.772027	0.022237	-0.055887	-0.072849	-0.492416	-0.081348	0.142632	1.091501	-0.634980	0.084977	-1.329171	-0.046992	0.117807	2.079978	-0.756187	0.129828	-0.076171	-0.245209	-0.044916	0.820450	-0.554815	0.204059	-1.011251	-0.081088	0.220725	1.919606	-0.769042	0.220806	0	1.117344	-0.311531	0.734600	0.843271	0.045528	1.176643	0.820282	0.053301	1.164935	0.924002	0.002506	1.201160	0.840516	0.103773	0.550843	0.935549	-0.181726	0.772027
253	30	0.030000	-0.050000	0.625800	0.010815	-0.054767	0.616374	0.130058	-0.054713	0.653023	-0.000432	0.056837	-0.035837	0.840516	0.103773	0.550843	0.956372	-0.190596	0.776791	0.017374	-0.061069	-0.072487	-0.480948	-0.085977	0.139475	1.082914	-0.637533	0.081694	-1.369988	-0.034941	0.117695	2.051981	-0.686070	0.126280	-0.048712	-0.243802	-0.061871	0.799102	-0.544920	0.184706	-1.039374	-0.073938	0.218636	1.921533	-0.766517	0.216206	0	1.118663	-0.310648	0.734600	0.843457	0.045537	1.176643	0.824286	0.050360	1.167217	0.929525	-0.005708	1.203866	0.840516	0.103773	0.550843	0.956372	-0.190596	0.776791
254	31	0.030000	-0.050000	0.625800	0.015710	-0.055584	0.618681	0.135068	-0.057559	0.655897	-0.002412	0.056427	-0.035419	0.840516	0.103773	0.550843	0.980210	-0.189852	0.777344	0.014945	-0.061679	-0.072636	-0.465700	-0.090349	0.135176	1.066929	-0.638369	0.078321	-1.402173	-0.028819	0.114684	2.017270	-0.619109	0.120229	-0.028268	-0.242754	-0.075718	0.775572	-0.553086	0.194800	-1.062810	-0.068876	0.195401	1.904565	-0.757797	0.198864	0	1.124041	-0.306988	0.734600	0.844215	0.045581	1.176643	0.828957	0.047179	1.169524	0.934089	-0.009367	1.206740	0.840516	0.103773	0.550843	0.980210	-0.189852	0.777344
255	32	0.030000	-0.050000	0.625800	0.020764	-0.056490	0.621022	0.143507	-0.061154	0.657767	-0.003828	0.055298	-0.035419	0.840516	0.103773	0.550843	1.005063	-0.192511	0.774922	0.012130	-0.066493	-0.072164	-0.452315	-0.095197	0.132380	1.056102	-0.642957	0.073933	-1.429505	-0.023982	0.112412	1.981012	-0.555605	0.115279	-0.000869	-0.242396	-0.091145	0.749085	-0.562716	0.204069	-1.079590	-0.064939	0.176626	1.877004	-0.735870	0.174961	0	1.126418	-0.305337	0.734600	0.844553	0.045603	1.176643	0.833378	0.044012	1.171865	0.940631	-0.015856	1.208610	0.840516	0.103773	0.550843	1.005063	-0.192511	0.774922
256	33	0.030000	-0.050000	0.625800	0.025991	-0.057485	0.623406	0.152760	-0.064498	0.659135	-0.005316	0.054482	-0.035440	0.840516	0.103773	0.550843	1.038117	-0.193622	0.769153	0.010170	-0.071533	-0.071169	-0.438534	-0.098399	0.129637	1.046908	-0.646644	0.071126	-1.445126	-0.024052	0.107245	1.932865	-0.492540	0.108959	0.027995	-0.238877	-0.098230	0.721474	-0.565129	0.199778	-1.098433	-0.059203	0.148690	1.826477	-0.707244	0.136642	0	1.130202	-0.302666	0.734600	0.845092	0.045643	1.176643	0.838168	0.040729	1.174249	0.948530	-0.022039	1.209978	0.840516	0.103773	0.550843	1.038117	-0.193622	0.769153
257	34	0.030000	-0.050000	0.625800	0.031404	-0.058572	0.625842	0.159496	-0.070328	0.659866	-0.006636	0.053325	-0.036547	0.840516	0.103773	0.550843	1.061212	-0.191819	0.760166	0.006960	-0.074585	-0.070571	-0.419580	-0.097681	0.124967	1.029282	-0.642874	0.069607	-1.454761	-0.027009	0.100275	1.885403	-0.436683	0.101988	0.049505	-0.225429	-0.093154	0.692294	-0.578041	0.186017	-1.096353	-0.052215	0.119108	1.770666	-0.667984	0.054357	0	1.138221	-0.296830	0.734600	0.846246	0.045745	1.176643	0.843849	0.037396	1.176685	0.954604	-0.028019	1.210709	0.840516	0.103773	0.550843	1.061212	-0.191819	0.760166
258	35	0.030000	-0.050000	0.625800	0.037023	-0.059755	0.628341	0.165373	-0.080221	0.659597	-0.008450	0.052444	-0.037878	0.840516	0.103773	0.550843	1.086949	-0.190314	0.748055	0.001280	-0.077162	-0.069133	-0.397266	-0.093424	0.115223	1.007274	-0.634163	0.072690	-1.454300	-0.034603	0.090620	1.829962	-0.382288	0.092973	0.064674	-0.200842	-0.070227	0.668637	-0.585240	0.165241	-1.091496	-0.047127	0.084811	1.697128	-0.627143	-0.009248	0	1.152309	-0.285965	0.734600	0.848311	0.045986	1.176643	0.850907	0.034250	1.179184	0.960716	-0.035280	1.210440	0.840516	0.103773	0.550843	1.086949	-0.190314	0.748055
259	36	0.030000	-0.050000	0.625800	0.042868	-0.061038	0.630913	0.172820	-0.091705	0.658445	-0.010023	0.050747	-0.039272	0.840516	0.103773	0.550843	1.097008	-0.191555	0.740348	-0.005387	-0.082694	-0.066805	-0.375766	-0.090357	0.103362	0.985603	-0.627129	0.074059	-1.458758	-0.032792	0.087486	1.784272	-0.331707	0.089120	0.080091	-0.173938	-0.055684	0.651729	-0.595704	0.145857	-1.078414	-0.040429	0.068767	1.669874	-0.557216	-0.058352	0	1.165158	-0.275329	0.734600	0.850237	0.046279	1.176643	0.858200	0.031312	1.181756	0.968047	-0.044594	1.209288	0.840516	0.103773	0.550843	1.097008	-0.191555	0.740348
260	37	0.030000	-0.050000	0.625800	0.048961	-0.062425	0.633569	0.181695	-0.099886	0.657830	-0.011294	0.049157	-0.040119	0.840516	0.103773	0.550843	1.107947	-0.191896	0.736978	-0.008223	-0.088728	-0.064380	-0.353006	-0.087585	0.092832	0.960316	-0.619602	0.074764	-1.460138	-0.030157	0.085747	1.733729	-0.279156	0.089042	0.095635	-0.151516	-0.044153	0.631617	-0.604476	0.123998	-1.077818	-0.028805	0.059848	1.659307	-0.501489	-0.046713	0	1.176701	-0.265131	0.734600	0.852007	0.046606	1.176643	0.865702	0.028541	1.184412	0.978181	-0.051272	1.208673	0.840516	0.103773	0.550843	1.107947	-0.191896	0.736978
261	38	0.030000	-0.050000	0.625800	0.055328	-0.063924	0.636324	0.188166	-0.104459	0.656659	-0.012002	0.047427	-0.041379	0.840516	0.103773	0.550843	1.109747	-0.183659	0.733094	-0.006663	-0.091355	-0.061714	-0.327594	-0.081962	0.083703	0.929838	-0.610194	0.079559	-1.463982	-0.029493	0.083558	1.694169	-0.235683	0.091105	0.108802	-0.132376	-0.014798	0.608598	-0.613928	0.104472	-1.067063	-0.011283	0.049162	1.663415	-0.486049	-0.044543	0	1.190217	-0.252345	0.734600	0.854129	0.047074	1.176643	0.874112	0.026192	1.187167	0.988664	-0.052337	1.207502	0.840516	0.103773	0.550843	1.109747	-0.183659	0.733094
262	39	0.030000	-0.050000	0.625800	0.061997	-0.065540	0.639190	0.197678	-0.117168	0.657076	-0.012535	0.046748	-0.042395	0.840516	0.103773	0.550843	1.107827	-0.195091	0.732500	-0.016234	-0.098376	-0.060282	-0.296755	-0.080648	0.067320	0.886771	-0.594640	0.079449	-1.460068	-0.031426	0.080518	1.645439	-0.190939	0.091440	0.117810	-0.098628	-0.010164	0.582308	-0.617037	0.082868	-1.070497	0.000648	0.039546	1.664275	-0.500193	-0.054188	0	1.191455	-0.251124	0.734600	0.854327	0.047122	1.176643	0.880271	0.022787	1.190033	0.994520	-0.066778	1.207919	0.840516	0.103773	0.550843	1.107827	-0.195091	0.732500
263	40	0.030000	-0.050000	0.625800	0.068999	-0.067282	0.642181	0.207074	-0.121671	0.657470	-0.012631	0.046325	-0.043395	0.840516	0.103773	0.550843	1.107620	-0.197001	0.731583	-0.018482	-0.101962	-0.058684	-0.263341	-0.078296	0.056057	0.837463	-0.577263	0.079814	-1.450675	-0.036061	0.076540	1.596056	-0.151099	0.092206	0.126357	-0.079198	-0.000991	0.550759	-0.616897	0.070277	-1.075926	0.016610	0.023623	1.661761	-0.511511	-0.068991	0	1.190640	-0.251929	0.734600	0.854197	0.047091	1.176643	0.886246	0.018941	1.193024	1.001748	-0.074238	1.208313	0.840516	0.103773	0.550843	1.107620	-0.197001	0.731583
264	41	0.030000	-0.050000	0.625800	0.076367	-0.069158	0.645314	0.217177	-0.125353	0.657873	-0.013223	0.045747	-0.044304	0.840516	0.103773	0.550843	1.108000	-0.199060	0.730693	-0.021415	-0.105641	-0.056863	-0.226068	-0.077266	0.046997	0.779503	-0.555919	0.076886	-1.436512	-0.040429	0.073614	1.545851	-0.114667	0.092422	0.133064	-0.067565	-0.004674	0.514565	-0.616417	0.070963	-1.085121	0.028225	0.010272	1.659776	-0.522083	-0.070851	0	1.187011	-0.255465	0.734600	0.853621	0.046955	1.176643	0.891813	0.014422	1.196157	1.008406	-0.082486	1.208716	0.840516	0.103773	0.550843	1.108000	-0.199060	0.730693
265	42	0.030000	-0.050000	0.625800	0.084140	-0.071178	0.648605	0.227272	-0.128720	0.657471	-0.014165	0.045165	-0.045294	0.840516	0.103773	0.550843	1.108189	-0.202205	0.728626	-0.024235	-0.108772	-0.054160	-0.188821	-0.075855	0.039000	0.722586	-0.535528	0.072780	-1.420546	-0.042935	0.071502	1.501564	-0.086189	0.092271	0.141169	-0.056554	-0.011664	0.483025	-0.614971	0.061585	-1.088112	0.036602	0.001232	1.656887	-0.532500	-0.082876	0	1.183857	-0.258481	0.734600	0.853124	0.046842	1.176643	0.897761	0.009598	1.199448	1.015279	-0.090339	1.208315	0.840516	0.103773	0.550843	1.108189	-0.202205	0.728626
266	43	0.030000	-0.050000	0.625800	0.092356	-0.073354	0.652072	0.235320	-0.133151	0.657408	-0.015611	0.044777	-0.046157	0.840516	0.103773	0.550843	1.109402	-0.202075	0.727797	-0.027919	-0.109699	-0.051493	-0.148050	-0.073853	0.030901	0.658583	-0.511677	0.068734	-1.400694	-0.046780	0.068607	1.459131	-0.062771	0.090120	0.141084	-0.042919	-0.018628	0.455925	-0.613951	0.060338	-1.096080	0.042542	-0.013807	1.655481	-0.542226	-0.091462	0	1.183760	-0.258573	0.734600	0.853108	0.046839	1.176643	0.904838	0.004913	1.202915	1.021454	-0.097141	1.208251	0.840516	0.103773	0.550843	1.109402	-0.202075	0.727797
267	44	0.030000	-0.050000	0.625800	0.101060	-0.075696	0.655734	0.244082	-0.137293	0.656043	-0.016824	0.044380	-0.046965	0.840516	0.103773	0.550843	1.111032	-0.202943	0.725692	-0.030144	-0.110772	-0.047274	-0.106173	-0.070226	0.024529	0.593722	-0.488136	0.066292	-1.377689	-0.048212	0.066807	1.420319	-0.046642	0.088827	0.141740	-0.031960	-0.015508	0.432608	-0.609263	0.040351	-1.105063	0.049070	-0.021481	1.655702	-0.550994	-0.100601	0	1.185345	-0.257065	0.734600	0.853358	0.046895	1.176643	0.912804	0.000247	1.206577	1.029357	-0.103023	1.206886	0.840516	0.103773	0.550843	1.111032	-0.202943	0.725692
268	45	0.030000	-0.050000	0.625800	0.110300	-0.078219	0.659613	0.249349	-0.142258	0.655888	-0.018220	0.044317	-0.047741	0.840516	0.103773	0.550843	1.108498	-0.203717	0.725427	-0.035472	-0.107795	-0.044016	-0.061481	-0.066736	0.018467	0.524692	-0.463376	0.063111	-1.353949	-0.050113	0.064662	1.390952	-0.040673	0.087688	0.143657	-0.020012	-0.015227	0.404391	-0.606246	0.026101	-1.110781	0.058087	-0.031525	1.656742	-0.560481	-0.111345	0	1.184486	-0.257884	0.734600	0.853222	0.046864	1.176643	0.920530	-0.005232	1.210456	1.032299	-0.109843	1.206731	0.840516	0.103773	0.550843	1.108498	-0.203717	0.725427
269	46	0.030000	-0.050000	0.625800	0.120129	-0.080938	0.663731	0.254488	-0.146730	0.655104	-0.018899	0.044165	-0.048416	0.840516	0.103773	0.550843	1.108974	-0.202580	0.724919	-0.038312	-0.104172	-0.039789	-0.016674	-0.062509	0.013413	0.457277	-0.440778	0.061061	-1.329219	-0.051839	0.061255	1.370147	-0.043731	0.084095	0.148617	-0.007109	-0.006267	0.382933	-0.598374	0.004986	-1.114241	0.063780	-0.045559	1.657458	-0.568657	-0.122758	0	1.186855	-0.255616	0.734600	0.853596	0.046949	1.176643	0.929753	-0.010327	1.214574	1.037203	-0.114419	1.205947	0.840516	0.103773	0.550843	1.108974	-0.202580	0.724919
270	47	0.030000	-0.050000	0.625800	0.130609	-0.083869	0.668115	0.257274	-0.151634	0.655219	-0.019703	0.043749	-0.048935	0.840516	0.103773	0.550843	1.106923	-0.201900	0.725814	-0.042851	-0.098026	-0.036039	0.031369	-0.058386	0.008889	0.385056	-0.417234	0.059204	-1.303944	-0.053470	0.058314	1.360839	-0.059164	0.082309	0.159236	0.008785	0.007151	0.355355	-0.589049	-0.010730	-1.114471	0.076605	-0.059728	1.658949	-0.576370	-0.135765	0	1.188354	-0.254165	0.734600	0.853833	0.047004	1.176643	0.939315	-0.015942	1.218958	1.039271	-0.119116	1.206063	0.840516	0.103773	0.550843	1.106923	-0.201900	0.725814
271	48	0.040735	-0.053295	0.630265	0.141798	-0.087031	0.672790	0.261554	-0.156186	0.654863	-0.020553	0.042737	-0.049322	0.840516	0.103773	0.550843	1.106545	-0.202465	0.726269	-0.046402	-0.093115	-0.031395	0.082038	-0.054388	0.006108	0.308849	-0.392901	0.056794	-1.276071	-0.054316	0.055019	1.360014	-0.085743	0.079727	0.172104	0.027499	0.023275	0.328758	-0.570772	-0.026767	-1.115409	0.091280	-0.073749	1.659997	-0.582658	-0.148392	0	1.190587	-0.251981	0.734600	0.863447	0.040733	1.181108	0.949794	-0.021684	1.223633	1.043385	-0.123491	1.205706	0.840516	0.103773	0.550843	1.106545	-0.202465	0.726269
272	49	0.068751	-0.061896	0.641916	0.153735	-0.090432	0.677772	0.262252	-0.161450	0.655387	-0.021507	0.041910	-0.049719	0.840516	0.103773	0.550843	1.103224	-0.201749	0.727509	-0.051873	-0.084175	-0.027334	0.136891	-0.050527	0.005575	0.225521	-0.365707	0.052764	-1.247594	-0.053628	0.050161	1.363477	-0.117265	0.073897	0.181547	0.042464	0.036466	0.299714	-0.549131	-0.044112	-1.114173	0.099734	-0.086820	1.662196	-0.590258	-0.166395	0	1.193242	-0.249349	0.734600	0.888203	0.024503	1.192759	0.961154	-0.027600	1.228616	1.044212	-0.127204	1.206230	0.840516	0.103773	0.550843	1.103224	-0.201749	0.727509
273	50	0.107764	-0.073871	0.658141	0.166403	-0.094069	0.683056	0.264445	-0.166609	0.655143	-0.022397	0.040774	-0.050112	0.840516	0.103773	0.550843	1.101993	-0.202167	0.727626	-0.056537	-0.076311	-0.022199	0.192072	-0.046970	0.006837	0.143275	-0.340080	0.047696	-1.218081	-0.051495	0.044636	1.366625	-0.149499	0.066551	0.194858	0.058503	0.048023	0.273407	-0.526527	-0.066405	-1.109153	0.105146	-0.099020	1.663398	-0.597091	-0.184862	0	1.196802	-0.245757	0.734600	0.923052	0.002491	1.208984	0.973607	-0.033435	1.233899	1.047190	-0.130696	1.205986	0.840516	0.103773	0.550843	1.101993	-0.202167	0.727626
274	51	0.151491	-0.087294	0.676326	0.179715	-0.097911	0.688606	0.267428	-0.170103	0.654847	-0.023559	0.039688	-0.050460	0.840516	0.103773	0.550843	1.099889	-0.203792	0.727539	-0.061113	-0.067527	-0.016701	0.245893	-0.042852	0.008633	0.066484	-0.316599	0.041602	-1.186191	-0.048570	0.038378	1.366992	-0.181021	0.057939	0.204454	0.070553	0.044274	0.248232	-0.517968	-0.073050	-1.105054	0.106774	-0.109050	1.664889	-0.608586	-0.194766	0	1.196257	-0.246311	0.734600	0.961015	-0.022915	1.227170	0.985067	-0.041103	1.239449	1.048694	-0.135215	1.205691	0.840516	0.103773	0.550843	1.099889	-0.203792	0.727539
275	52	0.193646	-0.100235	0.693858	0.193521	-0.101912	0.694359	0.271126	-0.173199	0.654161	-0.024680	0.038714	-0.050869	0.840516	0.103773	0.550843	1.099905	-0.203675	0.727025	-0.064670	-0.058780	-0.010671	0.298598	-0.037910	0.012742	-0.006254	-0.295486	0.034960	-1.152732	-0.044502	0.031724	1.365968	-0.212100	0.048188	0.209457	0.082220	0.036654	0.230140	-0.504298	-0.084940	-1.101339	0.104754	-0.122174	1.665119	-0.617851	-0.200439	0	1.196960	-0.245595	0.734600	0.998070	-0.046967	1.244701	0.997477	-0.048542	1.245202	1.051850	-0.138808	1.205004	0.840516	0.103773	0.550843	1.099905	-0.203675	0.727025
276	53	0.227946	-0.110764	0.708123	0.207645	-0.106017	0.700243	0.272413	-0.174500	0.654345	-0.025344	0.038003	-0.051273	0.840516	0.103773	0.550843	1.101193	-0.199155	0.727597	-0.066108	-0.046985	-0.005375	0.352452	-0.032969	0.019071	-0.080994	-0.274543	0.027694	-1.118004	-0.039580	0.025153	1.363877	-0.243464	0.038425	0.213121	0.089216	0.038180	0.212516	-0.477453	-0.108318	-1.098535	0.101780	-0.136142	1.664966	-0.626813	-0.208928	0	1.201228	-0.241188	0.734600	1.030095	-0.064418	1.258966	1.011829	-0.054367	1.251086	1.055703	-0.137792	1.205188	0.840516	0.103773	0.550843	1.101193	-0.199155	0.727597
277	54	0.250922	-0.117817	0.717678	0.221924	-0.110176	0.706191	0.275557	-0.175944	0.653686	-0.026068	0.036925	-0.051641	0.840516	0.103773	0.550843	1.101890	-0.198100	0.726511	-0.068059	-0.036823	0.000864	0.400291	-0.028088	0.023692	-0.142972	-0.259868	0.021395	-1.082348	-0.033911	0.019207	1.360725	-0.275136	0.029706	0.225572	0.096221	0.037417	0.186873	-0.461087	-0.117400	-1.092356	0.102103	-0.145543	1.662511	-0.635579	-0.209419	0	1.202280	-0.240084	0.734600	1.050866	-0.076770	1.268522	1.024962	-0.061663	1.257034	1.059084	-0.139365	1.204529	0.840516	0.103773	0.550843	1.101890	-0.198100	0.726511
278	55	0.261657	-0.121112	0.722143	0.236242	-0.114349	0.712154	0.275505	-0.176518	0.654343	-0.026829	0.035940	-0.051988	0.840516	0.103773	0.550843	1.101812	-0.192674	0.727199	-0.070128	-0.023489	0.005823	0.441915	-0.023206	0.029194	-0.191397	-0.252795	0.014665	-1.046757	-0.028231	0.014349	1.358986	-0.307913	0.022192	0.235739	0.102494	0.039519	0.159935	-0.436433	-0.123077	-1.085513	0.106203	-0.158265	1.659699	-0.644937	-0.211289	0	1.205276	-0.236904	0.734600	1.061956	-0.080880	1.272986	1.039154	-0.067776	1.262997	1.061006	-0.137983	1.205187	0.840516	0.103773	0.550843	1.101812	-0.192674	0.727199
279	0	-0.163510	0.109954	0.479067	-0.059642	0.098188	0.549999	-0.049864	0.041114	0.479067	-0.027293	0.034511	-0.052329	0.840516	0.103772	0.550843	1.103136	-0.190051	0.725146	-0.076364	0.003770	0.018603	0.510425	-0.012421	0.024446	-0.260727	-0.222471	-0.008453	-0.757061	0.046168	-0.000606	1.434001	-0.675639	-0.028241	0.254837	0.106925	0.051786	0.126494	-0.407846	-0.133920	-1.074306	0.103433	-0.163743	1.657228	-0.656154	-0.211101	1	1.587400	0.118500	0.904600	0.971826	-0.043139	1.204213	1.069577	-0.080180	1.275145	1.064964	-0.137901	1.204213	1.103136	-0.190051	0.725146	0.840516	0.103772	0.550843
280	1	-0.154107	0.107040	0.486197	-0.055627	0.095377	0.553675	-0.047472	0.037020	0.479495	-0.027710	0.033363	-0.052553	0.840562	0.097131	0.551043	1.103136	-0.190051	0.725146	-0.078542	0.003560	0.021627	0.498558	-0.008905	0.024133	-0.228485	-0.244614	-0.014449	-0.742230	0.050664	-0.003013	1.421158	-0.677090	-0.031282	0.270927	0.109661	0.068058	0.095763	-0.379496	-0.140976	-1.062733	0.104362	-0.173345	1.654876	-0.668451	-0.204451	1	1.586949	0.119206	0.904600	0.980013	-0.048463	1.211344	1.072618	-0.083938	1.278821	1.066202	-0.142513	1.204641	1.103136	-0.190051	0.725146	0.840562	0.097131	0.551043
281	2	-0.129567	0.099437	0.504805	-0.060775	0.094390	0.555192	-0.044515	0.036383	0.481191	-0.027856	0.032038	-0.052919	0.840862	0.096579	0.553685	1.103136	-0.190051	0.725146	-0.075194	-0.005221	0.021083	0.465607	-0.006760	0.022143	-0.178524	-0.262877	-0.015356	-0.747542	0.048611	-0.004891	1.404977	-0.654942	-0.031161	0.288857	0.118106	0.076401	0.071552	-0.355206	-0.146396	-1.046039	0.105274	-0.178152	1.648296	-0.678522	-0.202032	1	1.586306	0.120210	0.904600	1.001670	-0.062067	1.229951	1.067165	-0.083707	1.280339	1.068816	-0.143927	1.206337	1.103136	-0.190051	0.725146	0.840862	0.096579	0.553685
282	3	-0.095395	0.088850	0.530717	-0.068254	0.093986	0.556149	-0.041338	0.033208	0.482262	-0.028442	0.030728	-0.053295	0.842743	0.090423	0.554347	1.103136	-0.190051	0.725146	-0.074029	-0.017648	0.020592	0.431701	-0.004996	0.020532	-0.132417	-0.277519	-0.016490	-0.759498	0.045501	-0.005363	1.391471	-0.628253	-0.029069	0.301044	0.125580	0.089565	0.050996	-0.324693	-0.161780	-1.027520	0.107924	-0.188919	1.641794	-0.688658	-0.202095	1	1.584856	0.122457	0.904600	1.031729	-0.080985	1.255863	1.059310	-0.082481	1.281295	1.070928	-0.147929	1.207408	1.103136	-0.190051	0.725146	0.842743	0.090423	0.554347
283	4	-0.057094	0.076984	0.559759	-0.074278	0.093448	0.557545	-0.037932	0.032040	0.484762	-0.028793	0.029093	-0.053728	0.843443	0.088682	0.558043	1.103136	-0.190051	0.725146	-0.070962	-0.028472	0.019055	0.407235	-0.003166	0.020765	-0.103562	-0.283062	-0.017031	-0.767590	0.041998	-0.006821	1.376142	-0.603872	-0.028600	0.317065	0.133992	0.095283	0.035605	-0.293144	-0.164454	-1.004596	0.111895	-0.193714	1.630783	-0.694720	-0.198435	1	1.582987	0.125320	0.904600	1.065560	-0.101879	1.284906	1.052687	-0.081863	1.282691	1.073718	-0.150052	1.209908	1.103136	-0.190051	0.725146	0.843443	0.088682	0.558043
284	5	-0.020169	0.065544	0.587758	-0.077955	0.092604	0.559604	-0.034406	0.030106	0.487871	-0.029797	0.027704	-0.054374	0.845824	0.087167	0.561954	1.103136	-0.190051	0.725146	-0.069615	-0.037234	0.017359	0.405378	-0.002900	0.026266	-0.113322	-0.271654	-0.018124	-0.770129	0.038630	-0.009541	1.361791	-0.585818	-0.029306	0.319690	0.145940	0.092645	0.035196	-0.263142	-0.172870	-0.981603	0.116872	-0.199874	1.614566	-0.703522	-0.200730	1	1.580435	0.129168	0.904600	1.098251	-0.121648	1.312904	1.048047	-0.082266	1.284750	1.076397	-0.152968	1.213017	1.103136	-0.190051	0.725146	0.845824	0.087167	0.561954
285	6	0.009875	0.056235	0.610540	-0.079646	0.091526	0.562173	-0.032380	0.031150	0.493105	-0.030803	0.026598	-0.055141	0.843766	0.090882	0.570055	1.103136	-0.190051	0.725146	-0.066303	-0.041366	0.013926	0.441234	-0.005536	0.040310	-0.198038	-0.220978	-0.018317	-0.766048	0.036163	-0.013462	1.343686	-0.571445	-0.032238	0.315693	0.159362	0.079816	0.064708	-0.249109	-0.176903	-0.957119	0.122897	-0.196861	1.589784	-0.703771	-0.200418	1	1.576221	0.135380	0.904600	1.124737	-0.137199	1.335686	1.044761	-0.083689	1.287319	1.078116	-0.152731	1.218251	1.103136	-0.190051	0.725146	0.843766	0.090882	0.570055
286	7	0.030000	0.050000	0.625800	-0.079937	0.090336	0.565019	-0.028453	0.030649	0.497437	-0.032522	0.026057	-0.056131	0.847462	0.090710	0.575687	1.103136	-0.190051	0.725146	-0.064213	-0.046115	0.011451	0.506679	-0.005989	0.063410	-0.336084	-0.142840	-0.017217	-0.759687	0.034257	-0.016094	1.328551	-0.561730	-0.034491	0.288371	0.174778	0.050996	0.127960	-0.256478	-0.176327	-0.928348	0.135076	-0.198990	1.564447	-0.705148	-0.203605	1	1.569603	0.144798	0.904600	1.142217	-0.146776	1.350946	1.042126	-0.085992	1.290165	1.081130	-0.154490	1.222584	1.103136	-0.190051	0.725146	0.847462	0.090710	0.575687
287	8	0.030000	0.050000	0.625800	-0.079274	0.089127	0.567956	-0.024089	0.031597	0.502790	-0.034788	0.025653	-0.056955	0.853006	0.096288	0.585151	1.103136	-0.190051	0.725146	-0.060794	-0.049704	0.008211	0.561716	0.002105	0.089020	-0.447769	-0.077845	-0.014160	-0.750029	0.033262	-0.017770	1.311644	-0.554281	-0.037087	0.248275	0.191686	0.011035	0.224413	-0.298114	-0.185839	-0.897149	0.151421	-0.191705	1.537083	-0.698492	-0.190144	1	1.559836	0.158001	0.904600	1.140964	-0.145677	1.350946	1.039629	-0.089081	1.293103	1.084582	-0.154917	1.227937	1.103136	-0.190051	0.725146	0.853006	0.096288	0.585151
288	9	0.030000	0.050000	0.625800	-0.077927	0.087952	0.570879	-0.021426	0.030194	0.508601	-0.036830	0.025258	-0.057525	0.849987	0.094754	0.599781	1.103136	-0.190051	0.725146	-0.060646	-0.051951	0.004753	0.507130	0.023135	0.096670	-0.316668	-0.147455	-0.017224	-0.740260	0.030015	-0.023478	1.297186	-0.549400	-0.040104	0.195983	0.200004	-0.031016	0.366033	-0.359277	-0.198475	-0.864057	0.161247	-0.193071	1.505594	-0.703224	-0.227507	1	1.551600	0.168551	0.904600	1.139919	-0.144807	1.350946	1.038460	-0.091943	1.296025	1.086205	-0.157126	1.233747	1.103136	-0.190051	0.725146	0.849987	0.094754	0.599781
289	10	0.030000	0.050000	0.625800	-0.076036	0.086834	0.573744	-0.017686	0.029495	0.514562	-0.038920	0.025431	-0.057871	0.855439	0.091595	0.614929	1.103136	-0.190051	0.725146	-0.059544	-0.053734	0.001312	0.324733	0.042325	0.072262	0.112109	-0.393136	-0.030899	-0.730467	0.029665	-0.026987	1.280711	-0.542811	-0.042610	0.136328	0.203021	-0.058804	0.507057	-0.423686	-0.198220	-0.827779	0.166139	-0.188812	1.478178	-0.693405	-0.209646	1	1.542643	0.179474	0.904600	1.138795	-0.143916	1.350946	1.037813	-0.094896	1.298891	1.089033	-0.158685	1.239708	1.103136	-0.190051	0.725146	0.855439	0.091595	0.614929
290	11	0.030000	0.050000	0.625800	-0.073684	0.085780	0.576546	-0.015575	0.028050	0.521206	-0.040916	0.025838	-0.057841	0.863409	0.089709	0.632692	1.103136	-0.190051	0.725146	-0.060927	-0.053591	-0.002502	0.106598	0.058960	0.034746	0.637320	-0.701047	-0.051984	-0.719831	0.027723	-0.033331	1.264476	-0.537687	-0.045846	0.075037	0.202364	-0.089444	0.644766	-0.490915	-0.202500	-0.791773	0.165150	-0.186469	1.448998	-0.693988	-0.228686	1	1.537604	0.185385	0.904600	1.138168	-0.143438	1.350946	1.038762	-0.097081	1.301692	1.090560	-0.160535	1.246353	1.103136	-0.190051	0.725146	0.863409	0.089709	0.632692
291	12	0.030000	0.050000	0.625800	-0.070933	0.084794	0.579284	-0.010668	0.027420	0.528376	-0.042596	0.026524	-0.057665	0.877958	0.088881	0.653363	1.103136	-0.190051	0.725146	-0.060247	-0.054790	-0.006757	-0.094946	0.071494	-0.003580	1.139278	-1.003023	-0.076965	-0.708749	0.026365	-0.038873	1.248448	-0.533278	-0.048728	0.007849	0.194712	-0.125924	0.786106	-0.556029	-0.197070	-0.752298	0.164034	-0.181259	1.419955	-0.690806	-0.223477	1	1.533163	0.190465	0.904600	1.137618	-0.143029	1.350946	1.040323	-0.099079	1.304430	1.095041	-0.161764	1.253522	1.103136	-0.190051	0.725146	0.877958	0.088881	0.653363
292	13	0.030000	0.050000	0.625800	-0.067840	0.083882	0.581961	-0.006395	0.026526	0.536307	-0.044056	0.026884	-0.057088	0.889318	0.088705	0.679256	1.103136	-0.190051	0.725146	-0.060280	-0.055590	-0.011434	-0.253076	0.086059	-0.036744	1.553905	-1.262994	-0.106683	-0.696704	0.025433	-0.044336	1.232298	-0.529884	-0.051700	-0.053357	0.190408	-0.151208	0.928220	-0.615274	-0.195575	-0.713122	0.161145	-0.175246	1.389122	-0.684574	-0.214331	1	1.529463	0.194605	0.904600	1.137162	-0.142698	1.350946	1.042452	-0.100855	1.307107	1.098953	-0.163088	1.261453	1.103136	-0.190051	0.725146	0.889318	0.088705	0.679256
293	14	0.030000	0.050000	0.625800	-0.064460	0.083047	0.584577	-0.003040	0.025710	0.544669	-0.045233	0.027073	-0.056359	0.902486	0.088225	0.703942	1.103136	-0.190051	0.725146	-0.060500	-0.055552	-0.016451	-0.368706	0.101706	-0.065570	1.864167	-1.461523	-0.137128	-0.683332	0.025143	-0.049057	1.215784	-0.528049	-0.054455	-0.107643	0.184306	-0.171135	1.047692	-0.666034	-0.201616	-0.674713	0.159534	-0.165618	1.356712	-0.673370	-0.210660	1	1.524986	0.199510	0.904600	1.136612	-0.142308	1.350946	1.044737	-0.102636	1.309723	1.101930	-0.164190	1.269815	1.103136	-0.190051	0.725146	0.902486	0.088225	0.703942
294	15	0.030000	0.050000	0.625800	-0.060839	0.082295	0.587132	-0.000370	0.024676	0.550462	-0.043917	0.027031	-0.055951	0.908078	0.081366	0.721832	1.103136	-0.190051	0.725146	-0.059310	-0.055063	-0.019281	-0.443416	0.120640	-0.081295	2.055784	-1.583187	-0.156007	-0.670518	0.024348	-0.052619	1.204311	-0.529779	-0.056020	-0.138697	0.173730	-0.181420	1.134268	-0.582954	-0.199054	-0.642925	0.163983	-0.162979	1.329612	-0.662690	-0.200778	1	1.522014	0.202704	0.904600	1.136248	-0.142055	1.350946	1.047641	-0.104062	1.312278	1.104333	-0.165401	1.275609	1.103136	-0.190051	0.725146	0.908078	0.081366	0.721832
295	16	0.030000	0.050000	0.625800	-0.057018	0.081630	0.589628	0.003036	0.025966	0.554979	-0.041170	0.026891	-0.055885	0.908993	0.074046	0.737082	1.103136	-0.190051	0.725146	-0.054639	-0.053877	-0.021236	-0.472875	0.130702	-0.093516	2.110684	-1.612204	-0.168490	-0.658346	0.023583	-0.056517	1.195454	-0.533400	-0.057915	-0.154105	0.165421	-0.192000	1.205879	-0.570203	-0.184877	-0.613175	0.168210	-0.165939	1.304642	-0.658718	-0.236228	1	1.519517	0.205350	0.904600	1.135943	-0.141846	1.350946	1.050874	-0.105297	1.314774	1.107650	-0.164301	1.280125	1.103136	-0.190051	0.725146	0.908993	0.074046	0.737082
296	17	0.030000	0.050000	0.625800	-0.053032	0.081058	0.592065	0.005385	0.028139	0.559952	-0.040597	0.027481	-0.055015	0.909866	0.063828	0.760529	1.103136	-0.190051	0.725146	-0.051830	-0.050535	-0.022901	-0.476628	0.139409	-0.098164	2.077632	-1.578466	-0.177529	-0.645115	0.022685	-0.060596	1.182017	-0.532908	-0.060137	-0.194475	0.148275	-0.201575	1.322786	-0.661325	-0.176907	-0.590514	0.158009	-0.169287	1.285987	-0.660177	-0.242511	1	1.515222	0.209825	0.904600	1.135421	-0.141494	1.350946	1.053917	-0.106623	1.317211	1.109819	-0.162192	1.285098	1.103136	-0.190051	0.725146	0.909866	0.063828	0.760529
297	18	0.030000	0.050000	0.625800	-0.048910	0.080582	0.594447	0.009419	0.027900	0.566144	-0.042008	0.027912	-0.053563	0.913141	0.051068	0.791904	1.103136	-0.190051	0.725146	-0.051408	-0.050122	-0.025261	-0.495508	0.156517	-0.107190	2.056376	-1.541802	-0.190091	-0.631193	0.022654	-0.064210	1.167943	-0.531931	-0.062900	-0.258774	0.139812	-0.210588	1.465881	-0.715218	-0.189073	-0.569056	0.147083	-0.177603	1.262134	-0.652078	-0.258043	1	1.506472	0.218648	0.904600	1.134362	-0.140807	1.350946	1.056232	-0.108285	1.319593	1.113242	-0.162392	1.291290	1.103136	-0.190051	0.725146	0.913141	0.051068	0.791904
298	19	0.030000	0.050000	0.625800	-0.044676	0.080207	0.596776	0.015384	0.029651	0.573244	-0.044880	0.028670	-0.051743	0.928314	0.040324	0.821379	1.103136	-0.190051	0.725146	-0.049435	-0.049703	-0.028211	-0.533961	0.170151	-0.125425	2.051838	-1.502531	-0.208115	-0.616668	0.020791	-0.068873	1.155512	-0.533092	-0.064925	-0.346722	0.143016	-0.221181	1.605336	-0.781692	-0.192432	-0.544239	0.143001	-0.185652	1.232076	-0.645490	-0.251799	1	1.495317	0.229364	0.904600	1.133025	-0.139984	1.350946	1.058281	-0.109944	1.321922	1.118454	-0.160365	1.298390	1.103136	-0.190051	0.725146	0.928314	0.040324	0.821379
299	20	0.030000	0.050000	0.625800	-0.040351	0.079938	0.599056	0.019752	0.031222	0.580322	-0.048139	0.029028	-0.050056	0.946454	0.035651	0.842890	1.103136	-0.190051	0.725146	-0.049446	-0.048328	-0.031322	-0.587356	0.170953	-0.149788	2.059157	-1.460491	-0.223894	-0.600990	0.017783	-0.074146	1.142870	-0.535305	-0.066344	-0.431943	0.146272	-0.239916	1.701969	-0.797939	-0.157128	-0.522082	0.142745	-0.192776	1.199104	-0.642129	-0.237639	1	1.485734	0.238124	0.904600	1.131885	-0.139321	1.350946	1.060812	-0.111140	1.324202	1.122107	-0.158348	1.305469	1.103136	-0.190051	0.725146	0.946454	0.035651	0.842890
300	21	0.030000	0.050000	0.625800	-0.035949	0.079780	0.601291	0.023789	0.032315	0.588450	-0.052017	0.029100	-0.048323	0.971000	0.034518	0.858745	1.103136	-0.190051	0.725146	-0.051117	-0.047193	-0.035482	-0.650260	0.172859	-0.172202	2.068218	-1.409001	-0.241374	-0.585127	0.016020	-0.078699	1.129365	-0.537339	-0.067890	-0.520173	0.151743	-0.254459	1.766703	-0.801172	-0.149672	-0.493891	0.142967	-0.196767	1.160746	-0.627759	-0.235282	1	1.477546	0.245302	0.904600	1.130918	-0.138785	1.350946	1.063728	-0.111922	1.326437	1.125487	-0.156725	1.313597	1.103136	-0.190051	0.725146	0.971000	0.034518	0.858745
301	22	0.030000	0.050000	0.625800	-0.031482	0.079737	0.603485	0.027236	0.034255	0.596273	-0.054822	0.029044	-0.047009	0.995492	0.038978	0.868831	1.103136	-0.190051	0.725146	-0.052548	-0.045194	-0.039796	-0.714472	0.172998	-0.194714	2.075469	-1.353078	-0.260529	-0.569083	0.014285	-0.082939	1.115063	-0.539629	-0.068787	-0.587157	0.164143	-0.260901	1.794587	-0.800193	-0.151840	-0.461541	0.141518	-0.194892	1.124203	-0.614247	-0.223678	1	1.474723	0.247714	0.904600	1.130586	-0.138606	1.350946	1.067687	-0.111997	1.328632	1.128617	-0.154471	1.321419	1.103136	-0.190051	0.725146	0.995492	0.038978	0.868831
302	23	0.030000	0.050000	0.625800	-0.026959	0.079814	0.605645	0.029549	0.035367	0.604074	-0.056452	0.029212	-0.045890	1.023196	0.041561	0.874306	1.103136	-0.190051	0.725146	-0.055005	-0.042668	-0.044318	-0.780280	0.172410	-0.214679	2.078641	-1.290872	-0.277116	-0.553213	0.012117	-0.087784	1.102089	-0.543028	-0.069491	-0.645866	0.173628	-0.256790	1.801660	-0.791880	-0.170588	-0.425373	0.142183	-0.192026	1.084550	-0.602777	-0.219677	1	1.476055	0.246580	0.904600	1.130742	-0.138690	1.350946	1.072439	-0.111598	1.330791	1.130983	-0.153329	1.329220	1.103136	-0.190051	0.725146	1.023196	0.041561	0.874306
303	24	0.030000	0.050000	0.625800	-0.022385	0.080018	0.607776	0.034570	0.037959	0.611949	-0.057809	0.029053	-0.044357	1.053259	0.046787	0.883858	1.103136	-0.190051	0.725146	-0.054477	-0.041670	-0.048530	-0.848378	0.171797	-0.234923	2.077322	-1.222196	-0.292882	-0.538168	0.009462	-0.093034	1.091009	-0.547024	-0.070283	-0.715824	0.186471	-0.261115	1.819190	-0.779641	-0.197988	-0.387697	0.142277	-0.192495	1.044811	-0.593443	-0.218992	1	1.477566	0.245285	0.904600	1.130920	-0.138786	1.350946	1.077272	-0.111089	1.332922	1.136012	-0.150616	1.337095	1.103136	-0.190051	0.725146	1.053259	0.046787	0.883858
304	25	0.030000	0.050000	0.625800	-0.017763	0.080353	0.609882	0.035430	0.040740	0.619324	-0.058934	0.029373	-0.042317	1.073980	0.047431	0.897117	1.103136	-0.190051	0.725146	-0.055851	-0.036877	-0.051759	-0.914312	0.168198	-0.253106	2.070767	-1.150390	-0.305084	-0.522257	0.006720	-0.097305	1.077948	-0.550103	-0.070118	-0.785134	0.194047	-0.263472	1.855290	-0.767556	-0.224983	-0.359437	0.142447	-0.196888	1.007382	-0.570380	-0.184808	1	1.476062	0.246574	0.904600	1.130743	-0.138691	1.350946	1.081601	-0.110626	1.335029	1.136604	-0.147684	1.344470	1.103136	-0.190051	0.725146	1.073980	0.047431	0.897117
305	26	0.030000	0.050000	0.625800	-0.013091	0.080827	0.611972	0.040857	0.045993	0.626172	-0.059588	0.029135	-0.040271	1.097078	0.050134	0.912143	1.103136	-0.190051	0.725146	-0.052245	-0.034661	-0.054471	-0.978728	0.159319	-0.270518	2.060166	-1.075256	-0.314924	-0.507645	0.003464	-0.102491	1.068126	-0.554580	-0.070239	-0.854061	0.202671	-0.264704	1.896273	-0.766805	-0.226137	-0.325621	0.142166	-0.196968	0.974887	-0.575114	-0.200324	1	1.475480	0.247070	0.904600	1.130675	-0.138654	1.350946	1.086139	-0.109955	1.337118	1.141714	-0.142130	1.351318	1.103136	-0.190051	0.725146	1.097078	0.050134	0.912143
306	27	0.030000	0.050000	0.625800	-0.008366	0.081446	0.614051	0.044758	0.049592	0.632054	-0.059484	0.029172	-0.038599	1.116561	0.049168	0.925539	1.103136	-0.190051	0.725146	-0.050518	-0.032118	-0.056601	-1.041721	0.148797	-0.285034	2.046915	-0.998964	-0.320990	-0.493141	0.000536	-0.106684	1.058256	-0.559607	-0.069367	-0.903762	0.202245	-0.259789	1.932901	-0.765898	-0.228190	-0.292607	0.141961	-0.196727	0.944992	-0.565404	-0.186999	1	1.476596	0.246118	0.904600	1.130806	-0.138724	1.350946	1.091034	-0.109076	1.339197	1.145567	-0.138453	1.357200	1.103136	-0.190051	0.725146	1.116561	0.049168	0.925539
307	28	0.030000	0.050000	0.625800	-0.003584	0.082217	0.616127	0.050351	0.054864	0.637909	-0.059170	0.029060	-0.037094	1.140023	0.054924	0.936760	1.103136	-0.190051	0.725146	-0.046250	-0.030018	-0.058876	-1.103229	0.138346	-0.298072	2.029366	-0.920032	-0.325718	-0.479044	-0.001659	-0.110566	1.049694	-0.565662	-0.068279	-0.949338	0.195496	-0.264343	1.952067	-0.765489	-0.228943	-0.254189	0.141220	-0.190299	0.915284	-0.566321	-0.202925	1	1.476917	0.245842	0.904600	1.130844	-0.138745	1.350946	1.095837	-0.108080	1.341274	1.150954	-0.132965	1.363055	1.103136	-0.190051	0.725146	1.140023	0.054924	0.936760
308	29	0.030000	0.050000	0.625800	0.001266	0.083149	0.618208	0.054581	0.059306	0.642886	-0.058477	0.028685	-0.036337	1.157891	0.061732	0.944819	1.103136	-0.190051	0.725146	-0.043357	-0.027728	-0.061015	-1.161737	0.128236	-0.310394	2.010922	-0.843355	-0.329249	-0.463778	-0.003362	-0.113535	1.038655	-0.571307	-0.065732	-0.972714	0.193314	-0.268534	1.957402	-0.765031	-0.229914	-0.219368	0.140265	-0.179880	0.887263	-0.560105	-0.199430	1	1.477895	0.245001	0.904600	1.130959	-0.138807	1.350946	1.100826	-0.106924	1.343354	1.155117	-0.128453	1.368032	1.103136	-0.190051	0.725146	1.157891	0.061732	0.944819
309	30	0.030000	0.050000	0.625800	0.006191	0.084251	0.620301	0.059234	0.063464	0.647320	-0.057600	0.028415	-0.035952	1.176059	0.070726	0.950037	1.103136	-0.190051	0.725146	-0.040553	-0.025945	-0.062971	-1.216296	0.118659	-0.321435	1.990036	-0.768231	-0.331804	-0.448509	-0.005375	-0.116675	1.027863	-0.577128	-0.062743	-0.988685	0.193178	-0.276717	1.949289	-0.763826	-0.232387	-0.184572	0.138910	-0.169943	0.858884	-0.554514	-0.191979	1	1.480088	0.243103	0.904600	1.131217	-0.138948	1.350946	1.106126	-0.105626	1.345448	1.159920	-0.124384	1.372467	1.103136	-0.190051	0.725146	1.176059	0.070726	0.950037
310	31	0.030000	0.050000	0.625800	0.011205	0.085532	0.622416	0.064281	0.067366	0.651053	-0.056863	0.027755	-0.035810	1.193087	0.080007	0.953693	1.103136	-0.190051	0.725146	-0.037916	-0.025047	-0.064447	-1.266400	0.108622	-0.331052	1.966722	-0.694872	-0.334542	-0.432843	-0.007500	-0.119761	1.016274	-0.582283	-0.059411	-1.001306	0.187868	-0.289814	1.936472	-0.762870	-0.234241	-0.153245	0.138876	-0.161560	0.831026	-0.549462	-0.187987	1	1.481411	0.241948	0.904600	1.131374	-0.139035	1.350946	1.111350	-0.104180	1.347562	1.165028	-0.120483	1.376200	1.103136	-0.190051	0.725146	1.193087	0.080007	0.953693
311	32	0.030000	0.050000	0.625800	0.016320	0.087003	0.624561	0.074200	0.073355	0.653745	-0.055637	0.026876	-0.036064	1.216429	0.092219	0.952888	1.103136	-0.190051	0.725146	-0.030046	-0.026803	-0.065248	-1.308957	0.100533	-0.338140	1.938668	-0.624492	-0.336985	-0.418534	-0.010191	-0.123182	1.008008	-0.589574	-0.055274	-1.011447	0.181579	-0.300474	1.907778	-0.762630	-0.234524	-0.116225	0.136993	-0.152306	0.804948	-0.538080	-0.162843	1	1.480489	0.242753	0.904600	1.131265	-0.138974	1.350946	1.116225	-0.102503	1.349707	1.174569	-0.113999	1.378891	1.103136	-0.190051	0.725146	1.216429	0.092219	0.952888
312	33	0.030000	0.050000	0.625800	0.021553	0.088676	0.626745	0.080058	0.076457	0.656421	-0.054686	0.026580	-0.036321	1.235826	0.096477	0.950798	1.103136	-0.190051	0.725146	-0.027629	-0.026713	-0.065997	-1.346343	0.097371	-0.340504	1.906039	-0.555462	-0.335238	-0.402033	-0.012340	-0.125142	0.994527	-0.593155	-0.051553	-1.019467	0.178741	-0.292184	1.877763	-0.760367	-0.236645	-0.087420	0.134726	-0.146601	0.778981	-0.532833	-0.163520	1	1.480819	0.242465	0.904600	1.131304	-0.138996	1.350946	1.121460	-0.100652	1.351892	1.180370	-0.110741	1.381567	1.103136	-0.190051	0.725146	1.235826	0.096477	0.950798
313	34	0.030000	0.050000	0.625800	0.026920	0.090563	0.628980	0.085908	0.083203	0.658932	-0.053920	0.026177	-0.036523	1.256771	0.108054	0.948067	1.103136	-0.190051	0.725146	-0.023067	-0.024633	-0.066476	-1.372994	0.094062	-0.340075	1.863430	-0.486709	-0.330227	-0.384940	-0.015542	-0.126538	0.980100	-0.595543	-0.048166	-1.030452	0.183940	-0.292372	1.837896	-0.750816	-0.232370	-0.057056	0.126204	-0.146092	0.753236	-0.529101	-0.156205	1	1.483327	0.240263	0.904600	1.131600	-0.139160	1.350946	1.127287	-0.098710	1.354126	1.186471	-0.104271	1.384079	1.103136	-0.190051	0.725146	1.256771	0.108054	0.948067
314	35	0.030000	0.050000	0.625800	0.032442	0.092679	0.631275	0.090620	0.089011	0.661025	-0.053394	0.025949	-0.036967	1.276845	0.117014	0.942687	1.103136	-0.190051	0.725146	-0.020189	-0.021964	-0.066717	-1.390396	0.095051	-0.335639	1.813869	-0.420869	-0.320771	-0.365790	-0.018488	-0.128095	0.961262	-0.596091	-0.043397	-1.036749	0.193621	-0.282823	1.788187	-0.731113	-0.231252	-0.032197	0.121457	-0.141097	0.728402	-0.528483	-0.149062	1	1.483698	0.239935	0.904600	1.131644	-0.139185	1.350946	1.132822	-0.096452	1.356421	1.191083	-0.098397	1.386172	1.103136	-0.190051	0.725146	1.276845	0.117014	0.942687
315	36	0.030000	0.050000	0.625800	0.038138	0.095039	0.633642	0.097733	0.094208	0.662640	-0.052770	0.025443	-0.037646	1.298409	0.127544	0.937042	1.103136	-0.190051	0.725146	-0.016419	-0.021787	-0.066644	-1.399740	0.095835	-0.329844	1.760701	-0.359229	-0.310246	-0.346662	-0.021230	-0.129956	0.942962	-0.597651	-0.037368	-1.036775	0.204555	-0.277319	1.734745	-0.703966	-0.216362	-0.004619	0.118483	-0.131441	0.703228	-0.526028	-0.136994	1	1.483307	0.240281	0.904600	1.131598	-0.139159	1.350946	1.138359	-0.093893	1.358788	1.197950	-0.092906	1.387786	1.103136	-0.190051	0.725146	1.298409	0.127544	0.937042
316	37	0.030000	0.050000	0.625800	0.044034	0.097660	0.636092	0.104287	0.100455	0.664264	-0.051898	0.024830	-0.038551	1.318263	0.139319	0.930821	1.103136	-0.190051	0.725146	-0.012308	-0.020676	-0.066723	-1.401557	0.097298	-0.322602	1.704071	-0.301507	-0.298371	-0.325630	-0.024424	-0.132061	0.921130	-0.597201	-0.031116	-1.033128	0.217704	-0.272458	1.677996	-0.667153	-0.207756	0.023751	0.114443	-0.123661	0.672940	-0.523284	-0.122025	1	1.483426	0.240176	0.904600	1.131612	-0.139167	1.350946	1.144199	-0.091105	1.361239	1.204339	-0.086490	1.389410	1.103136	-0.190051	0.725146	1.318263	0.139319	0.930821
317	38	0.030000	0.050000	0.625800	0.050155	0.100559	0.638640	0.111445	0.106791	0.665801	-0.050604	0.024386	-0.039602	1.337343	0.146105	0.924464	1.103136	-0.190051	0.725146	-0.007721	-0.019845	-0.066764	-1.399485	0.103124	-0.310966	1.645739	-0.246750	-0.282967	-0.302572	-0.027516	-0.133336	0.895274	-0.594521	-0.024592	-1.027707	0.229064	-0.254339	1.627988	-0.626846	-0.186462	0.052616	0.108282	-0.116456	0.639934	-0.520225	-0.109713	1	1.483871	0.239782	0.904600	1.131664	-0.139197	1.350946	1.150335	-0.088071	1.363786	1.211417	-0.080052	1.390947	1.103136	-0.190051	0.725146	1.337343	0.146105	0.924464
318	39	0.030000	0.050000	0.625800	0.056528	0.103756	0.641297	0.119050	0.112906	0.666912	-0.049250	0.023833	-0.040336	1.352982	0.150883	0.920338	1.103136	-0.190051	0.725146	-0.003338	-0.019581	-0.065950	-1.394780	0.108395	-0.296874	1.586863	-0.193675	-0.267180	-0.278134	-0.031421	-0.134461	0.866845	-0.590031	-0.018228	-1.028278	0.236615	-0.237291	1.596209	-0.588486	-0.176940	0.079750	0.101976	-0.114166	0.608488	-0.516693	-0.095573	1	1.484104	0.239575	0.904600	1.131692	-0.139212	1.350946	1.156669	-0.084718	1.366443	1.218903	-0.073782	1.392058	1.103136	-0.190051	0.725146	1.352982	0.150883	0.920338
319	40	0.030000	0.050000	0.625800	0.063184	0.107274	0.644079	0.126708	0.122417	0.667865	-0.048012	0.022814	-0.041154	1.364805	0.159734	0.916036	1.103136	-0.190051	0.725146	0.003149	-0.017770	-0.064940	-1.385879	0.113678	-0.280898	1.528685	-0.145353	-0.247423	-0.250607	-0.036077	-0.134297	0.832659	-0.582001	-0.012573	-1.029966	0.252636	-0.217632	1.567217	-0.548031	-0.156521	0.108495	0.089636	-0.118585	0.572533	-0.514887	-0.082287	1	1.484916	0.238854	0.904600	1.131788	-0.139266	1.350946	1.163428	-0.081125	1.369225	1.226524	-0.064288	1.393012	1.103136	-0.190051	0.725146	1.364805	0.159734	0.916036
320	41	0.030000	0.050000	0.625800	0.070157	0.111134	0.647001	0.136288	0.130953	0.668408	-0.046608	0.021979	-0.041889	1.374453	0.164878	0.913070	1.103136	-0.190051	0.725146	0.010027	-0.017499	-0.063296	-1.378146	0.119199	-0.262943	1.476927	-0.102624	-0.227352	-0.220189	-0.039232	-0.132836	0.791589	-0.571077	-0.004371	-1.031014	0.266118	-0.192415	1.555184	-0.499502	-0.144279	0.132851	0.078156	-0.110938	0.542100	-0.512875	-0.070177	1	1.482889	0.240649	0.904600	1.131548	-0.139132	1.350946	1.169761	-0.076764	1.372147	1.235236	-0.054874	1.393555	1.103136	-0.190051	0.725146	1.374453	0.164878	0.913070
321	42	0.030000	0.050000	0.625800	0.077480	0.115364	0.650079	0.144550	0.138052	0.668740	-0.045004	0.021718	-0.042808	1.382564	0.163716	0.908954	1.103136	-0.190051	0.725146	0.014449	-0.016731	-0.061469	-1.366673	0.128139	-0.242475	1.426633	-0.065764	-0.209515	-0.185254	-0.043507	-0.131179	0.741072	-0.554459	0.003482	-1.029778	0.270746	-0.158011	1.544173	-0.450043	-0.137219	0.151131	0.064376	-0.110269	0.512554	-0.512708	-0.051686	1	1.483028	0.240527	0.904600	1.131565	-0.139141	1.350946	1.176986	-0.072330	1.375226	1.243316	-0.047564	1.393886	1.103136	-0.190051	0.725146	1.382564	0.163716	0.908954
322	43	0.030000	0.050000	0.625800	0.085194	0.119989	0.653331	0.154771	0.144783	0.668382	-0.043582	0.021312	-0.043674	1.388102	0.164939	0.905037	1.103136	-0.190051	0.725146	0.019291	-0.017452	-0.058725	-1.351035	0.135130	-0.222371	1.379225	-0.034454	-0.195517	-0.147604	-0.048114	-0.128723	0.684912	-0.534711	0.011589	-1.031133	0.270218	-0.127009	1.536776	-0.393697	-0.118279	0.165048	0.047860	-0.111608	0.488300	-0.512306	-0.029914	1	1.480682	0.242586	0.904600	1.131287	-0.138987	1.350946	1.183884	-0.067026	1.378478	1.252508	-0.039704	1.393529	1.103136	-0.190051	0.725146	1.388102	0.164939	0.905037
323	44	0.030000	0.050000	0.625800	0.093339	0.125041	0.656776	0.166115	0.153031	0.668140	-0.042194	0.020716	-0.044232	1.387677	0.172668	0.904765	1.103136	-0.190051	0.725146	0.025586	-0.017828	-0.055597	-1.337900	0.138263	-0.204579	1.344483	-0.012435	-0.183848	-0.107231	-0.052643	-0.125311	0.623678	-0.512610	0.020022	-1.036170	0.266101	-0.107657	1.548076	-0.370264	-0.102724	0.180456	0.024936	-0.113456	0.462938	-0.515618	-0.007821	1	1.476075	0.246563	0.904600	1.130745	-0.138691	1.350946	1.190473	-0.060746	1.381922	1.261848	-0.029355	1.393287	1.103136	-0.190051	0.725146	1.387677	0.172668	0.904765
324	45	0.030000	0.050000	0.625800	0.101960	0.130553	0.660434	0.178026	0.159071	0.667869	-0.040575	0.021603	-0.044925	1.390950	0.171026	0.903780	1.103136	-0.190051	0.725146	0.030235	-0.018211	-0.052360	-1.321333	0.147137	-0.187524	1.315203	0.000329	-0.175903	-0.062608	-0.056479	-0.121594	0.553230	-0.485872	0.029517	-1.039775	0.244217	-0.071312	1.557689	-0.383593	-0.091362	0.188381	0.000401	-0.109854	0.441872	-0.510727	0.013957	1	1.470230	0.251489	0.904600	1.130059	-0.138329	1.350946	1.197017	-0.053572	1.385580	1.271219	-0.020507	1.393015	1.103136	-0.190051	0.725146	1.390950	0.171026	0.903780
325	46	0.030000	0.050000	0.625800	0.111109	0.136563	0.664328	0.192728	0.163250	0.667766	-0.039186	0.022291	-0.046170	1.386547	0.174288	0.902099	1.103136	-0.190051	0.725146	0.035364	-0.020324	-0.049609	-1.304014	0.154679	-0.173687	1.299438	-0.000293	-0.170349	-0.012306	-0.059532	-0.118984	0.471388	-0.453756	0.041719	-1.036698	0.221181	-0.038970	1.564388	-0.401409	-0.075778	0.192395	-0.023530	-0.088105	0.413178	-0.511494	0.032174	1	1.454287	0.264270	0.904600	1.128201	-0.137403	1.350946	1.200632	-0.043458	1.389474	1.279313	-0.009064	1.392913	1.103136	-0.190051	0.725146	1.386547	0.174288	0.902099
326	47	0.030000	0.050000	0.625800	0.120843	0.143112	0.668482	0.204729	0.161523	0.668218	-0.038171	0.023761	-0.047179	1.386326	0.165883	0.902094	1.103136	-0.190051	0.725146	0.032946	-0.024387	-0.046914	-1.283283	0.163104	-0.160858	1.292453	-0.012108	-0.167078	0.039888	-0.064360	-0.118947	0.387525	-0.420909	0.053091	-1.038411	0.192794	0.000696	1.570805	-0.421253	-0.055219	0.193333	-0.039679	-0.074861	0.387092	-0.506670	0.055027	1	1.443226	0.272609	0.904600	1.126924	-0.136814	1.350946	1.205945	-0.033480	1.393629	1.287018	-0.005142	1.393364	1.103136	-0.190051	0.725146	1.386326	0.165883	0.902094
327	48	0.039829	0.057957	0.630160	0.131215	0.150242	0.672923	0.215796	0.166815	0.667678	-0.036658	0.025873	-0.048071	1.384125	0.168416	0.901608	1.103136	-0.190051	0.725146	0.034506	-0.022752	-0.042826	-1.258420	0.166673	-0.148931	1.293279	-0.035815	-0.163325	0.094029	-0.070148	-0.119658	0.301438	-0.387054	0.064147	-1.043806	0.171617	0.024065	1.578620	-0.438427	-0.039512	0.191100	-0.063805	-0.060170	0.363920	-0.494106	0.082426	1	1.434711	0.278749	0.904600	1.134583	-0.127151	1.355306	1.212354	-0.023133	1.398069	1.293837	0.004957	1.392824	1.103136	-0.190051	0.725146	1.384125	0.168416	0.901608
328	49	0.065479	0.078722	0.641539	0.142262	0.157978	0.677664	0.225626	0.173169	0.666423	-0.034715	0.027940	-0.049016	1.379401	0.170716	0.900654	1.103136	-0.190051	0.725146	0.035261	-0.019849	-0.037775	-1.233645	0.168045	-0.138261	1.303160	-0.068528	-0.160014	0.150522	-0.077204	-0.123052	0.213270	-0.352708	0.075072	-1.046081	0.148624	0.040002	1.591139	-0.460660	-0.021893	0.190929	-0.085784	-0.048438	0.338123	-0.476347	0.115856	1	1.428362	0.283175	0.904600	1.155943	-0.102324	1.366685	1.219843	-0.012357	1.402811	1.299947	0.015279	1.391569	1.103136	-0.190051	0.725146	1.379401	0.170716	0.900654
329	50	0.101198	0.107638	0.657384	0.153971	0.166307	0.682702	0.232553	0.179662	0.665539	-0.032943	0.029902	-0.049877	1.376897	0.171917	0.899506	1.103136	-0.190051	0.725146	0.032540	-0.015544	-0.032714	-1.203380	0.168494	-0.125714	1.308921	-0.103076	-0.154475	0.210086	-0.084959	-0.128727	0.121628	-0.317463	0.086047	-1.048484	0.128546	0.051077	1.597496	-0.482324	-0.012106	0.193333	-0.103825	-0.041073	0.306131	-0.456197	0.153554	1	1.426284	0.284597	0.904600	1.186338	-0.067967	1.382530	1.229332	-0.001796	1.407848	1.304876	0.023633	1.390685	1.103136	-0.190051	0.725146	1.376897	0.171917	0.899506
330	51	0.141231	0.140047	0.675143	0.166262	0.175160	0.687998	0.236119	0.189986	0.664731	-0.030925	0.032004	-0.050806	1.373234	0.174016	0.898384	1.103136	-0.190051	0.725146	0.028968	-0.006888	-0.027539	-1.171647	0.168309	-0.111698	1.314237	-0.138871	-0.146406	0.270026	-0.091612	-0.136275	0.033005	-0.285494	0.096421	-1.049422	0.112558	0.062821	1.603010	-0.507227	-0.002496	0.196111	-0.128522	-0.045184	0.267825	-0.436660	0.191791	1	1.431020	0.281337	0.904600	1.222436	-0.030906	1.400289	1.242079	0.007481	1.413145	1.309027	0.032336	1.389877	1.103136	-0.190051	0.725146	1.373234	0.174016	0.898384
331	52	0.179826	0.171292	0.692264	0.178998	0.184423	0.693494	0.236676	0.200043	0.664819	-0.028940	0.033800	-0.051805	1.370183	0.172914	0.898889	1.103136	-0.190051	0.725146	0.022164	0.002829	-0.023130	-1.140313	0.166653	-0.096476	1.319345	-0.174151	-0.135476	0.325073	-0.097266	-0.144730	-0.041672	-0.263209	0.106706	-1.049004	0.105178	0.079561	1.609700	-0.530307	0.003343	0.197074	-0.155622	-0.054251	0.224098	-0.420231	0.216792	1	1.442355	0.273248	0.904600	1.260763	0.001867	1.417411	1.258341	0.014799	1.418641	1.313688	0.037327	1.389965	1.103136	-0.190051	0.725146	1.370183	0.172914	0.898889
332	53	0.211230	0.196715	0.706195	0.192019	0.193964	0.699118	0.229561	0.212651	0.666015	-0.027011	0.035508	-0.052784	1.367552	0.168008	0.900200	1.103136	-0.190051	0.725146	0.011663	0.019293	-0.019681	-1.106442	0.164589	-0.080350	1.322681	-0.210102	-0.123781	0.369886	-0.100529	-0.154012	-0.091445	-0.258227	0.118027	-1.048723	0.098250	0.097547	1.612205	-0.556141	0.014904	0.198020	-0.184257	-0.086538	0.172394	-0.397471	0.220390	1	1.464888	0.255876	0.904600	1.299555	0.021455	1.431342	1.280593	0.017319	1.424265	1.316683	0.038677	1.391162	1.103136	-0.190051	0.725146	1.367552	0.168008	0.900200
333	54	0.232266	0.213745	0.715527	0.205177	0.203659	0.704804	0.216208	0.224692	0.668155	-0.025532	0.037119	-0.053731	1.362990	0.159104	0.902949	1.103136	-0.190051	0.725146	-0.002111	0.041060	-0.017082	-1.072975	0.161057	-0.064346	1.325908	-0.245520	-0.111544	0.394846	-0.105371	-0.161143	-0.098508	-0.277634	0.132789	-1.048075	0.095071	0.119041	1.615333	-0.579938	0.026701	0.198224	-0.208511	-0.133356	0.117673	-0.374156	0.214306	1	1.491897	0.232536	0.904600	1.333175	0.026088	1.440673	1.306192	0.015723	1.429950	1.317006	0.036868	1.393301	1.103136	-0.190051	0.725146	1.362990	0.159104	0.902949
334	55	0.242094	0.221701	0.719887	0.218365	0.213419	0.710503	0.211485	0.236088	0.667078	-0.023227	0.038697	-0.054517	1.361695	0.155785	0.902496	1.103136	-0.190051	0.725146	-0.008583	0.057319	-0.011092	-1.040598	0.156373	-0.048719	1.329137	-0.280080	-0.099337	0.411031	-0.115175	-0.168731	-0.087629	-0.303472	0.148092	-1.042442	0.093469	0.138660	1.620565	-0.604328	0.042851	0.202758	-0.230736	-0.154248	0.078744	-0.339782	0.221884	1	1.508473	0.216664	0.904600	1.351688	0.024386	1.445033	1.327724	0.016809	1.435650	1.321518	0.039673	1.392224	1.103136	-0.190051	0.725146	1.361695	0.155785	0.902496
335	0	-0.165948	-0.137545	0.489283	-0.029163	-0.115086	0.546479	-0.059803	-0.098706	0.489283	-0.020896	0.039643	-0.055093	1.362161	0.154529	0.900508	1.103136	-0.190051	0.725146	-0.033866	0.071875	0.002103	-0.689706	0.087560	0.064804	1.477041	-0.782514	-0.020287	0.455495	-0.140967	-0.201509	-0.076593	-0.356325	0.175001	-1.031329	0.095668	0.161212	1.624878	-0.628604	0.064602	0.215192	-0.248692	-0.155922	0.043872	-0.307667	0.226060	0	1.887400	-0.118500	0.904600	1.232649	-0.017761	1.389791	1.360492	0.035817	1.446987	1.326888	0.044643	1.389791	1.362161	0.154529	0.900508	1.103136	-0.190051	0.725146
336	1	-0.156426	-0.133291	0.495917	-0.027850	-0.111138	0.550497	-0.053436	-0.091117	0.488620	-0.018407	0.040521	-0.055559	1.362161	0.154529	0.900508	1.100653	-0.184405	0.727400	-0.025087	0.072314	0.006318	-0.680017	0.078942	0.069705	1.461784	-0.777158	-0.017437	0.431557	-0.148221	-0.199552	-0.025768	-0.383003	0.180901	-1.021682	0.096682	0.188719	1.629122	-0.655277	0.077049	0.225146	-0.264356	-0.168256	0.017973	-0.268355	0.224632	0	1.886725	-0.119794	0.904600	1.240515	-0.011115	1.396425	1.360571	0.039966	1.451005	1.331072	0.053577	1.389128	1.362161	0.154529	0.900508	1.100653	-0.184405	0.727400
337	2	-0.131577	-0.122189	0.513229	-0.039392	-0.111661	0.553008	-0.049059	-0.091994	0.489827	-0.016481	0.040873	-0.055972	1.362161	0.154529	0.900508	1.096307	-0.189284	0.733120	-0.011148	0.062129	0.007209	-0.692527	0.083934	0.069001	1.434352	-0.736478	-0.019115	0.407263	-0.143166	-0.196055	-0.015452	-0.371488	0.173966	-1.007459	0.100585	0.192683	1.627596	-0.672700	0.088778	0.239514	-0.278818	-0.179251	0.009579	-0.239552	0.226645	0	1.885925	-0.121319	0.904600	1.261718	0.005687	1.413737	1.349115	0.036844	1.453516	1.335240	0.053807	1.390335	1.362161	0.154529	0.900508	1.096307	-0.189284	0.733120
338	3	-0.096974	-0.106729	0.537337	-0.054063	-0.113502	0.555086	-0.042105	-0.084619	0.490954	-0.014548	0.042006	-0.056635	1.362161	0.154529	0.900508	1.096755	-0.183810	0.737423	0.013343	0.056124	0.007497	-0.714675	0.089713	0.062114	1.410192	-0.688572	-0.023703	0.394731	-0.134079	-0.196906	-0.036404	-0.340318	0.163930	-0.987270	0.093938	0.211244	1.623267	-0.689971	0.112569	0.240647	-0.290025	-0.182585	0.013968	-0.209086	0.224922	0	1.883980	-0.124981	0.904600	1.291034	0.029086	1.437845	1.334384	0.031916	1.455594	1.339697	0.062722	1.391462	1.362161	0.154529	0.900508	1.096755	-0.183810	0.737423
339	4	-0.058191	-0.089402	0.564357	-0.066576	-0.114899	0.557443	-0.038318	-0.083937	0.493845	-0.013069	0.042224	-0.057091	1.362161	0.154529	0.900508	1.094033	-0.189718	0.745379	0.028530	0.047383	0.006508	-0.731710	0.096873	0.060483	1.383666	-0.643880	-0.025959	0.407224	-0.122325	-0.208059	-0.103724	-0.285417	0.152830	-0.963706	0.098565	0.218208	1.613432	-0.702081	0.112288	0.241457	-0.305825	-0.172059	0.038835	-0.190483	0.236302	0	1.884546	-0.123921	0.904600	1.325260	0.054443	1.464865	1.322742	0.027721	1.457952	1.343425	0.064181	1.394353	1.362161	0.154529	0.900508	1.094033	-0.189718	0.745379
340	5	-0.020801	-0.072697	0.590407	-0.075690	-0.115424	0.560239	-0.032864	-0.077601	0.497464	-0.011628	0.043053	-0.057827	1.362161	0.154529	0.900508	1.090726	-0.185701	0.754071	0.045506	0.043661	0.004948	-0.743735	0.102874	0.060631	1.361666	-0.607480	-0.025674	0.455611	-0.113708	-0.234383	-0.231873	-0.199566	0.142920	-0.933802	0.095625	0.234385	1.596959	-0.714760	0.143476	0.223919	-0.314577	-0.139276	0.097953	-0.180348	0.235518	0	1.883094	-0.126629	0.904600	1.357619	0.079051	1.490915	1.313301	0.025438	1.460747	1.346906	0.071648	1.397973	1.362161	0.154529	0.900508	1.090726	-0.185701	0.754071
341	6	0.009621	-0.059105	0.611602	-0.081884	-0.115230	0.563347	-0.028413	-0.076593	0.502043	-0.010790	0.043333	-0.058245	1.362161	0.154529	0.900508	1.088062	-0.190859	0.766485	0.054920	0.037488	0.003058	-0.747586	0.106630	0.063164	1.337345	-0.578874	-0.022850	0.504771	-0.116792	-0.262351	-0.353371	-0.117147	0.133469	-0.902305	0.093358	0.235550	1.579583	-0.720256	0.139416	0.202434	-0.321301	-0.092257	0.186149	-0.203812	0.237379	0	1.882642	-0.127465	0.904600	1.384281	0.098881	1.512110	1.307003	0.024373	1.463855	1.350903	0.073615	1.402551	1.362161	0.154529	0.900508	1.088062	-0.190859	0.766485
342	7	0.030000	-0.050000	0.625800	-0.085927	-0.114568	0.566577	-0.023753	-0.070500	0.507148	-0.010572	0.043523	-0.058708	1.362161	0.154529	0.900508	1.083370	-0.181595	0.780641	0.065264	0.036004	0.000721	-0.747836	0.110576	0.067285	1.317484	-0.556824	-0.018853	0.524870	-0.126461	-0.278170	-0.414808	-0.071294	0.130198	-0.869452	0.084938	0.241161	1.557340	-0.729695	0.170948	0.168934	-0.315668	-0.067321	0.311228	-0.253424	0.237106	0	1.882358	-0.127988	0.904600	1.402179	0.112119	1.526308	1.302782	0.024209	1.467086	1.354068	0.080577	1.407656	1.362161	0.154529	0.900508	1.083370	-0.181595	0.780641
343	8	0.030000	-0.050000	0.625800	-0.088403	-0.113633	0.569778	-0.019673	-0.068557	0.512543	-0.010537	0.043424	-0.058794	1.362161	0.154529	0.900508	1.080431	-0.176460	0.797246	0.070858	0.031998	-0.001559	-0.744194	0.111784	0.070692	1.297138	-0.540839	-0.015087	0.496620	-0.133596	-0.280299	-0.374959	-0.082863	0.128708	-0.837289	0.076663	0.236621	1.536410	-0.731999	0.147209	0.137913	-0.317756	-0.062179	0.438693	-0.312625	0.233846	0	1.881080	-0.130329	0.904600	1.401988	0.111939	1.526308	1.299578	0.024872	1.470286	1.357316	0.083370	1.413051	1.362161	0.154529	0.900508	1.080431	-0.176460	0.797246
344	9	0.030000	-0.050000	0.625800	-0.089668	-0.112537	0.572862	-0.013685	-0.061494	0.517773	-0.010567	0.043797	-0.058989	1.362161	0.154529	0.900508	1.088440	-0.164549	0.810979	0.080242	0.032284	-0.003900	-0.741324	0.113632	0.075786	1.282008	-0.526629	-0.010293	0.425239	-0.144983	-0.264771	-0.234805	-0.154641	0.133433	-0.798573	0.068499	0.242085	1.514022	-0.738218	0.191604	0.100962	-0.317389	-0.064777	0.549779	-0.364920	0.233824	0	1.881731	-0.129139	0.904600	1.402085	0.112030	1.526308	1.298406	0.025531	1.473370	1.361832	0.091531	1.418281	1.362161	0.154529	0.900508	1.088440	-0.164549	0.810979
345	10	0.030000	-0.050000	0.625800	-0.089927	-0.111337	0.575800	-0.010084	-0.060632	0.523644	-0.010457	0.043180	-0.058898	1.362161	0.154529	0.900508	1.091756	-0.160268	0.826937	0.082990	0.028567	-0.006743	-0.734127	0.114934	0.080851	1.266220	-0.518601	-0.006286	0.303042	-0.165735	-0.229553	0.021569	-0.293147	0.145299	-0.764442	0.058017	0.234760	1.490143	-0.748694	0.177112	0.080014	-0.321829	-0.066317	0.644272	-0.414290	0.234074	0	1.880798	-0.130841	0.904600	1.401945	0.111900	1.526308	1.297480	0.026861	1.476308	1.364967	0.093128	1.424152	1.362161	0.154529	0.900508	1.091756	-0.160268	0.826937
346	11	0.030000	-0.050000	0.625800	-0.089312	-0.110063	0.578592	-0.005549	-0.055136	0.529127	-0.010135	0.042784	-0.058895	1.362161	0.154529	0.900508	1.098352	-0.149869	0.840907	0.089029	0.028649	-0.009430	-0.728168	0.113036	0.084422	1.253501	-0.511837	-0.002173	0.166995	-0.192139	-0.182582	0.317354	-0.458409	0.163720	-0.728530	0.050125	0.234639	1.466486	-0.739243	0.189792	0.061436	-0.318310	-0.069839	0.723604	-0.457083	0.236881	0	1.880495	-0.131392	0.904600	1.401900	0.111858	1.526308	1.297680	0.028304	1.479100	1.368195	0.099443	1.429635	1.362161	0.154529	0.900508	1.098352	-0.149869	0.840907
347	12	0.030000	-0.050000	0.625800	-0.087935	-0.108738	0.581247	-0.002570	-0.052992	0.534996	-0.010149	0.042627	-0.058842	1.362161	0.154529	0.900508	1.108499	-0.146832	0.853883	0.090772	0.028149	-0.012591	-0.718793	0.113392	0.090196	1.241364	-0.508994	0.001710	0.030194	-0.220922	-0.133490	0.623886	-0.632501	0.184081	-0.695942	0.039618	0.228640	1.440289	-0.750400	0.206000	0.039313	-0.319792	-0.065835	0.793179	-0.498037	0.236210	0	1.880779	-0.130876	0.904600	1.401943	0.111897	1.526308	1.298876	0.029823	1.481755	1.370715	0.102169	1.435504	1.362161	0.154529	0.900508	1.108499	-0.146832	0.853883
348	13	0.030000	-0.050000	0.625800	-0.085896	-0.107385	0.583772	0.002219	-0.049046	0.540043	-0.010524	0.042601	-0.059009	1.362161	0.154529	0.900508	1.122566	-0.136820	0.863583	0.094198	0.028428	-0.015280	-0.709737	0.111240	0.093931	1.231807	-0.508211	0.005083	-0.094465	-0.247255	-0.086699	0.903078	-0.791257	0.204755	-0.665765	0.027670	0.231050	1.413001	-0.741526	0.219472	0.007593	-0.317900	-0.065152	0.860273	-0.534878	0.235646	0	1.881250	-0.130019	0.904600	1.402013	0.111963	1.526308	1.300791	0.031471	1.484281	1.374653	0.107049	1.440552	1.362161	0.154529	0.900508	1.122566	-0.136820	0.863583
349	14	0.030000	-0.050000	0.625800	-0.083286	-0.106024	0.586173	0.006612	-0.049030	0.545422	-0.011131	0.043023	-0.058930	1.362161	0.154529	0.900508	1.138665	-0.136395	0.875333	0.093991	0.026315	-0.018179	-0.698351	0.108594	0.097226	1.220837	-0.509982	0.007286	-0.203252	-0.268474	-0.045415	1.136658	-0.919546	0.222116	-0.637778	0.014452	0.222908	1.387008	-0.734101	0.205755	-0.027518	-0.321199	-0.053152	0.929490	-0.570252	0.233423	0	1.880304	-0.131738	0.904600	1.401872	0.111831	1.526308	1.302655	0.033547	1.486681	1.378790	0.107934	1.445930	1.362161	0.154529	0.900508	1.138665	-0.136395	0.875333
350	15	0.030000	-0.050000	0.625800	-0.080188	-0.104675	0.588454	0.011860	-0.046368	0.550006	-0.011899	0.043481	-0.058773	1.362161	0.154529	0.900508	1.155408	-0.130018	0.886944	0.095708	0.026359	-0.020325	-0.687887	0.104859	0.099564	1.211785	-0.512706	0.009436	-0.285776	-0.280257	-0.014415	1.295029	-0.998284	0.232690	-0.609723	0.003245	0.216373	1.365260	-0.720954	0.192293	-0.061496	-0.316111	-0.047863	1.001255	-0.589166	0.223266	0	1.880368	-0.131623	0.904600	1.401881	0.111840	1.526308	1.305433	0.035496	1.488962	1.383382	0.111630	1.450514	1.362161	0.154529	0.900508	1.155408	-0.130018	0.886944
351	16	0.030000	-0.050000	0.625800	-0.076674	-0.103354	0.590619	0.014822	-0.045768	0.553805	-0.012278	0.042469	-0.058221	1.362161	0.154529	0.900508	1.159376	-0.126447	0.904456	0.094388	0.024862	-0.021407	-0.676722	0.102029	0.101766	1.204707	-0.518108	0.010275	-0.341222	-0.285146	0.001852	1.370441	-1.020225	0.235246	-0.585938	-0.013842	0.207414	1.346699	-0.714824	0.187485	-0.077730	-0.315165	-0.035261	1.084746	-0.565495	0.227261	0	1.879534	-0.133127	0.904600	1.401757	0.111725	1.526308	1.308256	0.037673	1.491127	1.386035	0.112761	1.454313	1.362161	0.154529	0.900508	1.159376	-0.126447	0.904456
352	17	0.030000	-0.050000	0.625800	-0.072807	-0.102079	0.592674	0.020318	-0.043857	0.556816	-0.011904	0.041413	-0.057877	1.362161	0.154529	0.900508	1.165727	-0.120337	0.919804	0.096446	0.023460	-0.022020	-0.668255	0.098824	0.104326	1.201519	-0.524307	0.012342	-0.386478	-0.286249	0.012705	1.403415	-1.010292	0.233025	-0.555182	-0.024665	0.202753	1.331828	-0.714246	0.201465	-0.082929	-0.317176	-0.036613	1.151585	-0.593093	0.234923	0	1.880221	-0.131889	0.904600	1.401859	0.111819	1.526308	1.312055	0.039592	1.493182	1.391115	0.115826	1.457324	1.362161	0.154529	0.900508	1.165727	-0.120337	0.919804
353	18	0.030000	-0.050000	0.625800	-0.068641	-0.100863	0.594622	0.023440	-0.044069	0.560655	-0.011028	0.040701	-0.057692	1.362161	0.154529	0.900508	1.168225	-0.116186	0.933481	0.095552	0.022125	-0.023726	-0.657324	0.096434	0.108495	1.195645	-0.529378	0.015168	-0.438792	-0.286558	0.027454	1.441192	-0.999126	0.230677	-0.527860	-0.030588	0.203851	1.310377	-0.712775	0.187690	-0.090317	-0.326678	-0.034484	1.203885	-0.597123	0.234660	0	1.879568	-0.133065	0.904600	1.401762	0.111729	1.526308	1.315624	0.041750	1.495130	1.394127	0.116192	1.461164	1.362161	0.154529	0.900508	1.168225	-0.116186	0.933481
354	19	0.030000	-0.050000	0.625800	-0.064220	-0.099719	0.596467	0.026791	-0.042558	0.564450	-0.009561	0.040359	-0.057663	1.362161	0.154529	0.900508	1.170716	-0.111290	0.944758	0.096397	0.022379	-0.025645	-0.646115	0.093019	0.112330	1.189400	-0.534109	0.019040	-0.494386	-0.285890	0.043170	1.480630	-0.986278	0.227805	-0.501441	-0.033025	0.208190	1.288297	-0.711742	0.198618	-0.096845	-0.331340	-0.029516	1.240445	-0.607311	0.236081	0	1.878513	-0.134957	0.904600	1.401605	0.111585	1.526308	1.319311	0.043931	1.496976	1.396965	0.118229	1.464958	1.362161	0.154529	0.900508	1.170716	-0.111290	0.944758
355	20	0.030000	-0.050000	0.625800	-0.059585	-0.098658	0.598216	0.029839	-0.043131	0.567853	-0.008249	0.040203	-0.057711	1.362161	0.154529	0.900508	1.172109	-0.110911	0.954290	0.095278	0.021180	-0.027349	-0.633004	0.089725	0.115581	1.179932	-0.537715	0.022188	-0.552611	-0.283822	0.059978	1.519913	-0.970300	0.225574	-0.482428	-0.033579	0.211418	1.268440	-0.706254	0.180918	-0.106910	-0.333854	-0.013834	1.267375	-0.607701	0.239348	0	1.876030	-0.139341	0.904600	1.401238	0.111251	1.526308	1.322715	0.046234	1.498724	1.399756	0.117959	1.468361	1.362161	0.154529	0.900508	1.172109	-0.110911	0.954290
356	21	0.030000	-0.050000	0.625800	-0.054766	-0.097691	0.599871	0.033373	-0.043129	0.570762	-0.007270	0.039974	-0.058071	1.362161	0.154529	0.900508	1.174994	-0.109576	0.959084	0.094537	0.020460	-0.028962	-0.619322	0.085268	0.117539	1.169614	-0.541438	0.024998	-0.609957	-0.282169	0.076334	1.558127	-0.953866	0.223760	-0.465998	-0.035309	0.211726	1.249998	-0.701280	0.189709	-0.110310	-0.331970	-0.007299	1.274397	-0.628726	0.248623	0	1.874172	-0.142567	0.904600	1.400965	0.111006	1.526308	1.326588	0.048333	1.500379	1.402997	0.118386	1.471271	1.362161	0.154529	0.900508	1.174994	-0.109576	0.959084
357	22	0.030000	-0.050000	0.625800	-0.049792	-0.096829	0.601438	0.035810	-0.043819	0.574734	-0.006670	0.040666	-0.058296	1.362161	0.154529	0.900508	1.182639	-0.110764	0.963153	0.092177	0.021508	-0.031592	-0.603629	0.081027	0.119826	1.155380	-0.543293	0.027982	-0.665807	-0.277323	0.093135	1.585175	-0.928259	0.220699	-0.452115	-0.031346	0.211873	1.229000	-0.697070	0.181767	-0.128974	-0.334271	-0.002089	1.283226	-0.656732	0.253075	0	1.873513	-0.143700	0.904600	1.400869	0.110920	1.526308	1.331083	0.050178	1.501946	1.405439	0.118066	1.475242	1.362161	0.154529	0.900508	1.182639	-0.110764	0.963153
358	23	0.030000	-0.050000	0.625800	-0.044682	-0.096080	0.602920	0.039745	-0.044011	0.578426	-0.006521	0.041816	-0.058412	1.362161	0.154529	0.900508	1.194797	-0.111384	0.966754	0.090739	0.022336	-0.033919	-0.588294	0.075737	0.120640	1.141282	-0.545044	0.030819	-0.720627	-0.269808	0.108138	1.602976	-0.893732	0.216671	-0.439102	-0.026582	0.211793	1.210277	-0.687085	0.185624	-0.159525	-0.333445	0.005879	1.298336	-0.680862	0.254899	0	1.872193	-0.145951	0.904600	1.400676	0.110750	1.526308	1.335515	0.051972	1.503428	1.409183	0.118396	1.478935	1.362161	0.154529	0.900508	1.194797	-0.111384	0.966754
359	24	0.030000	-0.050000	0.625800	-0.039453	-0.095454	0.604321	0.044069	-0.045144	0.582671	-0.006912	0.043922	-0.058440	1.362161	0.154529	0.900508	1.213276	-0.114909	0.967872	0.088244	0.022652	-0.036790	-0.571294	0.072195	0.122535	1.126023	-0.547232	0.032684	-0.769291	-0.257396	0.120793	1.598896	-0.842259	0.213280	-0.428500	-0.024554	0.212623	1.187233	-0.678624	0.163583	-0.212729	-0.332789	0.026757	1.311639	-0.697333	0.258486	0	1.868627	-0.151924	0.904600	1.400159	0.110300	1.526308	1.339360	0.053791	1.504829	1.413209	0.117458	1.483179	1.362161	0.154529	0.900508	1.213276	-0.114909	0.967872
360	25	0.030000	-0.050000	0.625800	-0.034118	-0.094959	0.605646	0.049881	-0.045651	0.586734	-0.007768	0.046390	-0.058470	1.362161	0.154529	0.900508	1.241131	-0.118131	0.964828	0.086841	0.023232	-0.039558	-0.555813	0.067774	0.123300	1.113773	-0.550750	0.034626	-0.811507	-0.244446	0.130405	1.580636	-0.782575	0.208255	-0.412164	-0.024861	0.212154	1.163925	-0.669163	0.174059	-0.271114	-0.331382	0.041381	1.312372	-0.703102	0.257145	0	1.865905	-0.156378	0.904600	1.399768	0.109967	1.526308	1.343660	0.055337	1.506154	1.418698	0.117437	1.487242	1.362161	0.154529	0.900508	1.241131	-0.118131	0.964828
361	26	0.030000	-0.050000	0.625800	-0.028684	-0.094604	0.606898	0.052604	-0.047894	0.590755	-0.009236	0.048434	-0.058080	1.362161	0.154529	0.900508	1.266525	-0.124240	0.964692	0.081573	0.025123	-0.041937	-0.539816	0.063951	0.123675	1.099632	-0.553636	0.035582	-0.855812	-0.232683	0.139025	1.565496	-0.723886	0.202609	-0.399960	-0.019287	0.207856	1.147247	-0.660586	0.152022	-0.323909	-0.329303	0.053152	1.319556	-0.702942	0.257835	0	1.865294	-0.157366	0.904600	1.399680	0.109893	1.526308	1.348776	0.056582	1.507406	1.421668	0.115542	1.491263	1.362161	0.154529	0.900508	1.266525	-0.124240	0.964692
362	27	0.030000	-0.050000	0.625800	-0.023155	-0.094398	0.608081	0.058470	-0.048132	0.594539	-0.010611	0.050696	-0.057505	1.362161	0.154529	0.900508	1.298390	-0.127962	0.965192	0.080086	0.026673	-0.043963	-0.524356	0.060118	0.123509	1.088388	-0.558491	0.035808	-0.896093	-0.219962	0.145210	1.540273	-0.658643	0.195910	-0.386239	-0.023506	0.201160	1.128916	-0.654603	0.161655	-0.383487	-0.327190	0.064750	1.328052	-0.702900	0.257786	0	1.864747	-0.158246	0.904600	1.399602	0.109827	1.526308	1.354033	0.057673	1.508589	1.427431	0.116118	1.495047	1.362161	0.154529	0.900508	1.298390	-0.127962	0.965192
363	28	0.030000	-0.050000	0.625800	-0.017531	-0.094348	0.609199	0.060817	-0.050680	0.597749	-0.012303	0.052566	-0.056595	1.362161	0.154529	0.900508	1.325651	-0.135526	0.966678	0.074129	0.028591	-0.045145	-0.508718	0.057220	0.123186	1.076621	-0.563411	0.034919	-0.936777	-0.205485	0.152578	1.517814	-0.594639	0.191859	-0.377572	-0.026574	0.192026	1.117198	-0.647962	0.142661	-0.437099	-0.323125	0.085239	1.337128	-0.702635	0.258009	0	1.863344	-0.160489	0.904600	1.399402	0.109661	1.526308	1.359152	0.058613	1.509707	1.429965	0.113665	1.498257	1.362161	0.154529	0.900508	1.325651	-0.135526	0.966678
364	29	0.030000	-0.050000	0.625800	-0.011810	-0.094463	0.610255	0.066014	-0.050490	0.600723	-0.014100	0.053965	-0.055634	1.362161	0.154529	0.900508	1.359411	-0.137928	0.968837	0.072264	0.030909	-0.046103	-0.494935	0.053880	0.122171	1.068897	-0.570319	0.034390	-0.973950	-0.193027	0.156132	1.490498	-0.528480	0.187989	-0.361031	-0.032019	0.181969	1.105617	-0.648632	0.160683	-0.487635	-0.312157	0.100145	1.345855	-0.702454	0.258355	0	1.864557	-0.158551	0.904600	1.399575	0.109805	1.526308	1.365191	0.059379	1.510763	1.435226	0.114924	1.501231	1.362161	0.154529	0.900508	1.359411	-0.137928	0.968837
365	30	0.030000	-0.050000	0.625800	-0.005986	-0.094753	0.611253	0.068036	-0.053651	0.603187	-0.015450	0.055156	-0.054551	1.362161	0.154529	0.900508	1.386098	-0.148914	0.971705	0.066203	0.032766	-0.046486	-0.480720	0.052157	0.121737	1.060353	-0.576803	0.032919	-1.011960	-0.176483	0.165830	1.469735	-0.467753	0.187246	-0.348751	-0.034857	0.172501	1.098552	-0.647167	0.137523	-0.527613	-0.309523	0.127919	1.346060	-0.700509	0.259241	0	1.864771	-0.158208	0.904600	1.399605	0.109830	1.526308	1.371054	0.060004	1.511761	1.437745	0.112167	1.503696	1.362161	0.154529	0.900508	1.386098	-0.148914	0.971705
366	31	0.030000	-0.050000	0.625800	-0.000050	-0.095227	0.612196	0.072049	-0.055549	0.605929	-0.016578	0.055869	-0.053756	1.362161	0.154529	0.900508	1.417689	-0.151988	0.972772	0.063037	0.035036	-0.047490	-0.467987	0.050398	0.121848	1.055499	-0.584378	0.033334	-1.042622	-0.163412	0.171570	1.439250	-0.405666	0.182228	-0.325247	-0.033579	0.174778	1.084201	-0.660734	0.156065	-0.565570	-0.309114	0.139035	1.337367	-0.699175	0.260844	0	1.869549	-0.150394	0.904600	1.400292	0.110415	1.526308	1.378445	0.060705	1.512704	1.442670	0.112160	1.506437	1.362161	0.154529	0.900508	1.417689	-0.151988	0.972772
367	32	0.030000	-0.050000	0.625800	0.006010	-0.095895	0.613087	0.074020	-0.058121	0.607247	-0.017073	0.056185	-0.053086	1.362161	0.154529	0.900508	1.440018	-0.155662	0.971774	0.058225	0.036630	-0.047246	-0.454911	0.049764	0.121558	1.050863	-0.593013	0.031419	-1.075594	-0.149866	0.180506	1.418790	-0.351508	0.178611	-0.307665	-0.041095	0.171590	1.075482	-0.654695	0.131146	-0.588307	-0.311483	0.151422	1.325053	-0.692412	0.260284	0	1.868926	-0.151428	0.904600	1.400202	0.110337	1.526308	1.384339	0.061040	1.513595	1.444962	0.109795	1.507755	1.362161	0.154529	0.900508	1.440018	-0.155662	0.971774
368	33	0.030000	-0.050000	0.625800	0.012207	-0.096768	0.613928	0.079150	-0.060619	0.609374	-0.017518	0.056450	-0.052505	1.362161	0.154529	0.900508	1.470691	-0.155987	0.970856	0.055969	0.036756	-0.047951	-0.442444	0.048318	0.120929	1.047959	-0.602530	0.030759	-1.095050	-0.140809	0.181403	1.376446	-0.288965	0.172197	-0.281307	-0.043678	0.169823	1.061481	-0.669032	0.157224	-0.617095	-0.310043	0.153953	1.304872	-0.675939	0.258227	0	1.870180	-0.149343	0.904600	1.400384	0.110494	1.526308	1.390978	0.061348	1.514437	1.450631	0.108566	1.509882	1.362161	0.154529	0.900508	1.470691	-0.155987	0.970856
369	34	0.030000	-0.050000	0.625800	0.018559	-0.097858	0.614724	0.083909	-0.064256	0.610258	-0.018127	0.056449	-0.052071	1.362161	0.154529	0.900508	1.498821	-0.156615	0.967752	0.052421	0.035889	-0.047604	-0.429371	0.048395	0.120402	1.043862	-0.611467	0.028465	-1.106599	-0.133473	0.179405	1.324722	-0.224488	0.166560	-0.260734	-0.046217	0.168229	1.053615	-0.660864	0.125577	-0.640556	-0.306847	0.156926	1.278939	-0.649704	0.257340	0	1.869706	-0.150133	0.904600	1.400315	0.110435	1.526308	1.397277	0.061321	1.515233	1.455873	0.105665	1.510766	1.362161	0.154529	0.900508	1.498821	-0.156615	0.967752
370	35	0.030000	-0.050000	0.625800	0.025085	-0.099179	0.615477	0.087420	-0.068078	0.612326	-0.018269	0.056343	-0.051929	1.362161	0.154529	0.900508	1.521765	-0.157756	0.966691	0.048511	0.036513	-0.048778	-0.414045	0.047697	0.119581	1.035868	-0.618129	0.027775	-1.110410	-0.128873	0.173223	1.263281	-0.157883	0.160881	-0.241815	-0.042212	0.171778	1.038258	-0.680269	0.148356	-0.661435	-0.301743	0.158788	1.251583	-0.610306	0.252869	0	1.871850	-0.146533	0.904600	1.400626	0.110706	1.526308	1.404593	0.061442	1.515985	1.460354	0.103197	1.512834	1.362161	0.154529	0.900508	1.521765	-0.157756	0.966691
371	36	0.030000	-0.050000	0.625800	0.031808	-0.100742	0.616190	0.092034	-0.071496	0.613376	-0.018539	0.056300	-0.052036	1.362161	0.154529	0.900508	1.546870	-0.154978	0.961847	0.045434	0.036551	-0.049221	-0.398615	0.048429	0.119105	1.028443	-0.625401	0.025814	-1.100403	-0.128693	0.161833	1.184119	-0.087717	0.154403	-0.223322	-0.041266	0.178045	1.024256	-0.676936	0.127885	-0.679400	-0.294192	0.153123	1.210780	-0.562535	0.250919	0	1.871838	-0.146553	0.904600	1.400625	0.110704	1.526308	1.411483	0.061105	1.516698	1.465504	0.100656	1.513884	1.362161	0.154529	0.900508	1.546870	-0.154978	0.961847
372	37	0.030000	-0.050000	0.625800	0.038752	-0.102564	0.616865	0.096954	-0.075976	0.614918	-0.018437	0.056226	-0.052428	1.362161	0.154529	0.900508	1.568695	-0.154268	0.957768	0.042172	0.035712	-0.050481	-0.381488	0.048995	0.118404	1.018471	-0.631338	0.024414	-1.081047	-0.130366	0.147641	1.094391	-0.015442	0.150746	-0.205656	-0.038181	0.185063	1.005320	-0.692014	0.142801	-0.695694	-0.280983	0.151020	1.166686	-0.508483	0.244327	0	1.870816	-0.148277	0.904600	1.400476	0.110574	1.526308	1.418322	0.060364	1.517373	1.470951	0.096760	1.515426	1.362161	0.154529	0.900508	1.568695	-0.154268	0.957768
373	38	0.030000	-0.050000	0.625800	0.045944	-0.104659	0.617504	0.102030	-0.080859	0.615890	-0.018776	0.056325	-0.053095	1.362161	0.154529	0.900508	1.594474	-0.154321	0.951821	0.038427	0.035350	-0.051481	-0.363348	0.049828	0.116935	1.006234	-0.636238	0.022155	-1.048191	-0.133933	0.132673	0.990232	0.058020	0.149544	-0.191040	-0.031960	0.192080	0.989690	-0.696722	0.140468	-0.704097	-0.265387	0.149373	1.101458	-0.447566	0.240865	0	1.871447	-0.147214	0.904600	1.400568	0.110654	1.526308	1.425970	0.059697	1.518012	1.476935	0.093084	1.516398	1.362161	0.154529	0.900508	1.594474	-0.154321	0.951821
374	39	0.030000	-0.050000	0.625800	0.053417	-0.107047	0.618110	0.106909	-0.085727	0.617127	-0.019023	0.056189	-0.053956	1.362161	0.154529	0.900508	1.615982	-0.156956	0.947178	0.034596	0.035189	-0.052972	-0.342971	0.050813	0.115022	0.990063	-0.639943	0.018642	-1.011932	-0.137345	0.118325	0.886391	0.127378	0.147964	-0.180140	-0.023940	0.194946	0.973822	-0.699625	0.131381	-0.706211	-0.251931	0.148235	1.035701	-0.388627	0.232019	0	1.871518	-0.147094	0.904600	1.400578	0.110663	1.526308	1.433770	0.058692	1.518619	1.482616	0.089188	1.517636	1.362161	0.154529	0.900508	1.615982	-0.156956	0.947178
375	40	0.030000	-0.050000	0.625800	0.061201	-0.109745	0.618686	0.114401	-0.090286	0.617289	-0.019312	0.055866	-0.055023	1.362161	0.154529	0.900508	1.642704	-0.154957	0.940393	0.032823	0.033712	-0.053625	-0.322514	0.052125	0.112616	0.974779	-0.645100	0.013734	-0.964670	-0.142881	0.101287	0.770135	0.197515	0.144710	-0.167818	-0.018878	0.195803	0.960374	-0.690375	0.108909	-0.703611	-0.238159	0.139182	0.957477	-0.323293	0.227242	0	1.871540	-0.147057	0.904600	1.400581	0.110666	1.526308	1.441917	0.057428	1.519195	1.490805	0.086045	1.517797	1.362161	0.154529	0.900508	1.642704	-0.154957	0.940393
376	41	0.030000	-0.050000	0.625800	0.069335	-0.112774	0.619234	0.121030	-0.094725	0.617791	-0.019128	0.055728	-0.056176	1.362161	0.154529	0.900508	1.667995	-0.156325	0.934865	0.030959	0.033603	-0.054733	-0.301217	0.054560	0.110929	0.958966	-0.649682	0.009331	-0.907966	-0.147262	0.083953	0.644534	0.267543	0.140162	-0.153620	-0.012120	0.204280	0.941779	-0.692204	0.098573	-0.698532	-0.229756	0.130825	0.866742	-0.256043	0.216030	0	1.871721	-0.146751	0.904600	1.400608	0.110689	1.526308	1.450519	0.055948	1.519742	1.498160	0.082938	1.518300	1.362161	0.154529	0.900508	1.667995	-0.156325	0.934865
377	42	0.030000	-0.050000	0.625800	0.077856	-0.116156	0.619756	0.129797	-0.100359	0.617206	-0.018881	0.055442	-0.057217	1.362161	0.154529	0.900508	1.694108	-0.158422	0.929493	0.029723	0.031255	-0.054666	-0.279442	0.057225	0.108648	0.943000	-0.654803	0.003685	-0.845497	-0.150447	0.065324	0.514928	0.335656	0.132783	-0.140538	-0.006461	0.211592	0.927470	-0.688232	0.084583	-0.696436	-0.225035	0.116496	0.777242	-0.191926	0.215363	0	1.870167	-0.149363	0.904600	1.400382	0.110492	1.526308	1.458991	0.053643	1.520264	1.507403	0.078213	1.517714	1.362161	0.154529	0.900508	1.694108	-0.158422	0.929493
378	43	0.030000	-0.050000	0.625800	0.086809	-0.119916	0.620254	0.136493	-0.106936	0.617117	-0.019072	0.055186	-0.058477	1.362161	0.154529	0.900508	1.716470	-0.161857	0.924989	0.025884	0.030367	-0.055340	-0.254532	0.060259	0.106499	0.922429	-0.658401	-0.003286	-0.780787	-0.153302	0.046343	0.387332	0.399530	0.126211	-0.134419	-0.001468	0.214351	0.910895	-0.691016	0.075012	-0.689090	-0.220680	0.106533	0.681675	-0.117127	0.195694	0	1.869267	-0.150864	0.904600	1.400252	0.110380	1.526308	1.468155	0.051180	1.520762	1.514897	0.072446	1.517625	1.362161	0.154529	0.900508	1.716470	-0.161857	0.924989
379	44	0.030000	-0.050000	0.625800	0.096238	-0.124080	0.620730	0.146454	-0.114154	0.615917	-0.019076	0.054390	-0.059522	1.362161	0.154529	0.900508	1.735299	-0.164563	0.921254	0.024217	0.027078	-0.054709	-0.229277	0.063050	0.103330	0.902233	-0.663127	-0.011250	-0.732911	-0.154683	0.028859	0.296124	0.443646	0.118224	-0.122983	0.006663	0.209985	0.901538	-0.691300	0.069949	-0.682076	-0.218379	0.096663	0.623401	-0.032678	0.193649	0	1.869877	-0.149848	0.904600	1.400340	0.110456	1.526308	1.478368	0.048918	1.521238	1.526118	0.067361	1.516425	1.362161	0.154529	0.900508	1.735299	-0.164563	0.921254
380	45	0.030000	-0.050000	0.625800	0.106195	-0.128678	0.621186	0.156069	-0.118867	0.615635	-0.019166	0.053358	-0.060800	1.362161	0.154529	0.900508	1.748475	-0.162982	0.917599	0.023661	0.025981	-0.055248	-0.200418	0.067106	0.101244	0.877611	-0.667445	-0.020829	-0.688504	-0.156285	0.011971	0.218537	0.477214	0.111155	-0.116344	0.011546	0.201320	0.885678	-0.692319	0.049487	-0.674798	-0.207343	0.085869	0.571740	0.049327	0.179401	0	1.868333	-0.152409	0.904600	1.400117	0.110264	1.526308	1.488420	0.045469	1.521694	1.535944	0.063499	1.516143	1.362161	0.154529	0.900508	1.748475	-0.162982	0.917599
381	46	0.030000	-0.050000	0.625800	0.116738	-0.133742	0.621624	0.164208	-0.125872	0.615444	-0.018734	0.052245	-0.062159	1.362161	0.154529	0.900508	1.753114	-0.169431	0.914231	0.020939	0.025014	-0.055979	-0.170468	0.071395	0.098916	0.850366	-0.669594	-0.030105	-0.655483	-0.155971	-0.002019	0.170854	0.492112	0.103599	-0.106186	0.028326	0.202539	0.869179	-0.694128	0.043261	-0.663941	-0.199324	0.076803	0.531098	0.126366	0.159481	0	1.867468	-0.153831	0.904600	1.399992	0.110157	1.526308	1.499346	0.041857	1.522132	1.544870	0.057443	1.515952	1.362161	0.154529	0.900508	1.753114	-0.169431	0.914231
382	47	0.030000	-0.050000	0.625800	0.127929	-0.139310	0.622046	0.172019	-0.132668	0.616530	-0.019045	0.051465	-0.063648	1.362161	0.154529	0.900508	1.756801	-0.171554	0.912593	0.017190	0.025482	-0.058131	-0.136367	0.076111	0.097209	0.816383	-0.670395	-0.041588	-0.628276	-0.154155	-0.009608	0.143774	0.491410	0.099238	-0.106407	0.055477	0.195535	0.853873	-0.690981	0.021041	-0.656467	-0.172292	0.064562	0.494044	0.154443	0.136632	0	1.865672	-0.156755	0.904600	1.399734	0.109939	1.526308	1.510625	0.037346	1.522555	1.553097	0.050919	1.517038	1.362161	0.154529	0.900508	1.756801	-0.171554	0.912593
383	48	0.041136	-0.057186	0.625899	0.139830	-0.145419	0.622455	0.186152	-0.133262	0.617080	-0.019203	0.050723	-0.065240	1.362161	0.154529	0.900508	1.762510	-0.174863	0.910800	0.021556	0.025578	-0.059865	-0.099660	0.082327	0.096151	0.783120	-0.674006	-0.053952	-0.609190	-0.151286	-0.014253	0.142357	0.473206	0.095688	-0.105061	0.064221	0.162765	0.835696	-0.685985	0.009344	-0.645235	-0.143044	0.059554	0.447888	0.173432	0.126560	0	1.853546	-0.175565	0.904600	1.409950	0.102773	1.526408	1.518646	0.027203	1.522963	1.563144	0.044906	1.517588	1.362161	0.154529	0.900508	1.762510	-0.174863	0.910800
384	49	0.070199	-0.075938	0.626159	0.152482	-0.152091	0.622850	0.204661	-0.134887	0.616914	-0.019673	0.049642	-0.066658	1.362161	0.154529	0.900508	1.765495	-0.187780	0.908664	0.026715	0.020201	-0.060722	-0.061129	0.090865	0.095806	0.748114	-0.678531	-0.065635	-0.600332	-0.146197	-0.019224	0.168301	0.437764	0.089868	-0.103348	0.070076	0.105475	0.818242	-0.676348	-0.010688	-0.640821	-0.114196	0.047381	0.411789	0.178725	0.116124	0	1.827583	-0.211262	0.904600	1.435879	0.082001	1.526667	1.521677	0.009832	1.523359	1.572982	0.029488	1.517422	1.362161	0.154529	0.900508	1.765495	-0.187780	0.908664
385	50	0.110670	-0.102052	0.626520	0.165870	-0.159312	0.623235	0.227542	-0.131496	0.614534	-0.020332	0.047730	-0.068027	1.362161	0.154529	0.900508	1.768096	-0.198569	0.903599	0.037367	0.012404	-0.059326	-0.023035	0.101809	0.095583	0.712251	-0.681858	-0.075554	-0.597780	-0.140278	-0.025424	0.208728	0.393846	0.082280	-0.088016	0.068260	0.042292	0.803013	-0.664833	-0.034330	-0.631404	-0.081523	0.032904	0.383632	0.189587	0.096172	0	1.793199	-0.251213	0.904600	1.468483	0.047953	1.527028	1.521248	-0.011557	1.523743	1.584026	0.013665	1.515042	1.362161	0.154529	0.900508	1.768096	-0.198569	0.903599
386	51	0.156030	-0.131321	0.626925	0.179901	-0.167019	0.623608	0.243824	-0.129418	0.613457	-0.021075	0.045677	-0.069007	1.362161	0.154529	0.900508	1.764830	-0.209764	0.900204	0.043372	0.008982	-0.058856	0.017165	0.113512	0.096446	0.671362	-0.681427	-0.085398	-0.601146	-0.134052	-0.031866	0.262718	0.341956	0.074030	-0.064316	0.070186	-0.001259	0.779211	-0.650861	-0.055920	-0.623052	-0.048772	0.030092	0.371760	0.194067	0.078141	0	1.761042	-0.282867	0.904600	1.501657	0.005763	1.527433	1.521162	-0.032497	1.524116	1.589065	-0.002678	1.513965	1.362161	0.154529	0.900508	1.764830	-0.209764	0.900204
387	52	0.199760	-0.159537	0.627316	0.194422	-0.175111	0.623970	0.253258	-0.127114	0.612926	-0.021207	0.043305	-0.070167	1.362161	0.154529	0.900508	1.750344	-0.210619	0.895329	0.048606	0.013446	-0.059124	0.061174	0.124601	0.098805	0.626651	-0.679573	-0.097226	-0.609942	-0.127341	-0.038930	0.330298	0.281390	0.064599	-0.041358	0.081495	-0.011289	0.754821	-0.641850	-0.069926	-0.608053	-0.016669	0.022672	0.385898	0.192496	0.051281	0	1.743631	-0.298132	0.904600	1.534511	-0.034288	1.527824	1.526803	-0.048835	1.524478	1.592422	-0.010631	1.513435	1.362161	0.154529	0.900508	1.750344	-0.210619	0.895329
388	53	0.235342	-0.182496	0.627633	0.209251	-0.183465	0.624319	0.254636	-0.133648	0.613862	-0.022258	0.041989	-0.070478	1.362161	0.154529	0.900508	1.741171	-0.213791	0.895641	0.042871	0.024676	-0.060021	0.107695	0.135181	0.104091	0.581055	-0.677557	-0.111673	-0.620304	-0.120228	-0.046596	0.403258	0.217690	0.054352	-0.024714	0.108118	0.003562	0.735424	-0.636633	-0.082423	-0.608428	0.003809	0.011115	0.410596	0.167344	0.029476	0	1.742139	-0.299385	0.904600	1.565349	-0.063200	1.528141	1.539438	-0.059990	1.524827	1.592194	-0.018058	1.514370	1.362161	0.154529	0.900508	1.741171	-0.213791	0.895641
389	54	0.259176	-0.197875	0.627846	0.224218	-0.191969	0.624656	0.253801	-0.137397	0.614110	-0.022712	0.040537	-0.070819	1.362161	0.154529	0.900508	1.739957	-0.195418	0.895500	0.039311	0.043069	-0.060272	0.156403	0.142870	0.111530	0.533335	-0.674181	-0.132061	-0.631212	-0.113631	-0.053548	0.479521	0.153039	0.043375	-0.009783	0.137528	0.059192	0.721337	-0.640795	-0.116264	-0.613047	0.018757	-0.016981	0.449363	0.143425	0.013312	0	1.768021	-0.276399	0.904600	1.599875	-0.068674	1.528354	1.565698	-0.059243	1.525164	1.600677	-0.007962	1.514618	1.362161	0.154529	0.900508	1.739957	-0.195418	0.895500
390	55	0.270313	-0.205061	0.627945	0.239203	-0.200542	0.624980	0.250528	-0.155337	0.614841	-0.024774	0.039019	-0.070747	1.362161	0.154529	0.900508	1.737145	-0.198304	0.896958	0.019128	0.054654	-0.060609	0.204431	0.151256	0.123595	0.485008	-0.670474	-0.151413	-0.638610	-0.107605	-0.059675	0.547207	0.093349	0.033594	0.002872	0.179849	0.092377	0.704591	-0.640839	-0.123333	-0.624015	0.018885	-0.031752	0.496856	0.100143	0.006339	0	1.789078	-0.255548	0.904600	1.621497	-0.064250	1.528454	1.590662	-0.058127	1.525488	1.604313	-0.013568	1.515349	1.362161	0.154529	0.900508	1.737145	-0.198304	0.896958
391	0	-0.215709	0.133738	0.617590	-0.120264	0.092020	0.627858	-0.153866	0.153751	0.617590	-0.025570	0.037052	-0.070935	1.362161	0.154529	0.900508	1.739230	-0.185299	0.898265	0.014776	0.094602	-0.060667	0.302456	0.173245	0.094753	0.374322	-0.575058	-0.258950	-0.590381	-0.023511	-0.093734	0.827226	-0.236346	-0.049593	0.020939	0.199458	0.111220	0.682877	-0.651596	-0.161706	-0.630722	0.019916	-0.056916	0.548466	0.062723	0.000340	1	1.887400	0.118500	0.904600	1.550696	-0.015385	1.515855	1.637217	-0.073387	1.526123	1.615110	-0.006671	1.515855	1.739230	-0.185299	0.898265	1.362161	0.154529	0.900508
392	1	-0.203769	0.129669	0.617989	-0.112970	0.089989	0.627489	-0.148329	0.151266	0.616085	-0.027241	0.034644	-0.070683	1.363367	0.160778	0.898197	1.739230	-0.185299	0.898265	0.012061	0.093469	-0.059280	0.331516	0.177947	0.106316	0.337871	-0.566570	-0.262983	-0.584686	-0.022191	-0.093901	0.843997	-0.259023	-0.050055	0.043949	0.224565	0.102984	0.654780	-0.652060	-0.175083	-0.636057	0.017735	-0.077552	0.596608	0.014838	-0.006187	1	1.888148	0.118134	0.904600	1.562128	-0.021072	1.516254	1.644302	-0.076446	1.525754	1.620550	-0.009807	1.514350	1.739230	-0.185299	0.898265	1.363367	0.160778	0.898197
393	2	-0.172610	0.119049	0.619030	-0.119510	0.095584	0.626619	-0.141118	0.141502	0.615207	-0.028228	0.031679	-0.070636	1.356986	0.148227	0.898961	1.739230	-0.185299	0.898265	0.003218	0.071510	-0.059224	0.318922	0.170209	0.104560	0.346311	-0.565026	-0.247064	-0.586318	-0.030105	-0.085016	0.832684	-0.245086	-0.037863	0.073384	0.224675	0.077499	0.632835	-0.657262	-0.204162	-0.633509	0.026615	-0.107765	0.635554	-0.017501	-0.015109	1	1.886858	0.118764	0.904600	1.590239	-0.037758	1.517295	1.638386	-0.070193	1.524884	1.625187	-0.021192	1.513472	1.739230	-0.185299	0.898265	1.356986	0.148227	0.898961
394	3	-0.129219	0.104262	0.620480	-0.129720	0.103208	0.625654	-0.139167	0.132227	0.613042	-0.028820	0.029411	-0.070109	1.357116	0.151517	0.897544	1.739230	-0.185299	0.898265	-0.006462	0.050182	-0.057497	0.292925	0.158057	0.100814	0.372387	-0.566493	-0.228405	-0.595752	-0.041936	-0.073392	0.823542	-0.224599	-0.021064	0.105666	0.229669	0.053835	0.603460	-0.651280	-0.198338	-0.636184	0.018007	-0.142811	0.684394	-0.062673	-0.006205	1	1.895546	0.114390	0.904600	1.634006	-0.056863	1.518745	1.633301	-0.057792	1.523919	1.629974	-0.027456	1.511308	1.739230	-0.185299	0.898265	1.357116	0.151517	0.897544
395	4	-0.080587	0.087688	0.622105	-0.138002	0.109837	0.624811	-0.133483	0.123112	0.611482	-0.028995	0.026682	-0.069625	1.354702	0.146732	0.897782	1.739230	-0.185299	0.898265	-0.015034	0.027999	-0.056296	0.270855	0.145808	0.094979	0.394469	-0.567729	-0.214071	-0.606200	-0.051151	-0.064390	0.820377	-0.208977	-0.008782	0.143419	0.230291	0.041863	0.572823	-0.649563	-0.203239	-0.633653	0.014675	-0.167707	0.730141	-0.093637	-0.028534	1	1.899031	0.112546	0.904600	1.679430	-0.082307	1.520370	1.628136	-0.048307	1.523076	1.635409	-0.036317	1.509747	1.739230	-0.185299	0.898265	1.354702	0.146732	0.897782
396	5	-0.033702	0.071710	0.623671	-0.143028	0.114748	0.624137	-0.129962	0.116820	0.610084	-0.028927	0.024491	-0.069089	1.356352	0.147386	0.896508	1.739230	-0.185299	0.898265	-0.021854	0.013311	-0.055036	0.257953	0.136400	0.090331	0.407533	-0.568766	-0.204671	-0.616033	-0.058888	-0.059214	0.825342	-0.202507	-0.000807	0.174243	0.230385	0.036747	0.538444	-0.645038	-0.198790	-0.633551	0.009843	-0.181916	0.767135	-0.138985	-0.038488	1	1.903601	0.110049	0.904600	1.722964	-0.107752	1.521937	1.626501	-0.040675	1.522403	1.639693	-0.041670	1.508350	1.739230	-0.185299	0.898265	1.356352	0.147386	0.896508
397	6	0.004446	0.058709	0.624946	-0.145297	0.118180	0.623609	-0.123838	0.108637	0.609419	-0.028786	0.021745	-0.068566	1.352898	0.141599	0.898522	1.739230	-0.185299	0.898265	-0.029176	-0.001737	-0.054375	0.254736	0.128838	0.086628	0.407716	-0.566906	-0.198714	-0.623664	-0.063823	-0.055298	0.833462	-0.201182	0.004411	0.212337	0.230965	0.045693	0.504126	-0.642745	-0.200862	-0.629665	0.005488	-0.194557	0.802928	-0.170270	-0.070425	1	1.905059	0.109233	0.904600	1.757365	-0.129285	1.523212	1.625819	-0.036250	1.521875	1.644430	-0.050574	1.507684	1.739230	-0.185299	0.898265	1.352898	0.141599	0.898522
398	7	0.030000	0.050000	0.625800	-0.145632	0.120535	0.623193	-0.118906	0.101980	0.607651	-0.028384	0.020637	-0.068054	1.357246	0.136422	0.895805	1.739230	-0.185299	0.898265	-0.035423	-0.011127	-0.052512	0.258133	0.123635	0.085467	0.400497	-0.564673	-0.194758	-0.630022	-0.068271	-0.053682	0.844790	-0.205271	0.007520	0.231486	0.231834	0.067214	0.476548	-0.639704	-0.193004	-0.631540	-0.003170	-0.205017	0.840886	-0.217990	-0.070099	1	1.908900	0.107037	0.904600	1.780693	-0.144301	1.524065	1.628039	-0.032414	1.521459	1.649329	-0.057016	1.505917	1.739230	-0.185299	0.898265	1.357246	0.136422	0.895805
399	8	0.030000	0.050000	0.625800	-0.144656	0.122114	0.622862	-0.111945	0.096905	0.606097	-0.027872	0.019017	-0.067456	1.353716	0.131826	0.897716	1.739230	-0.185299	0.898265	-0.038643	-0.020852	-0.050691	0.262458	0.120309	0.084115	0.394697	-0.563976	-0.192115	-0.634566	-0.069589	-0.050816	0.856263	-0.211090	0.010213	0.255280	0.234169	0.074780	0.458728	-0.640697	-0.198489	-0.633645	-0.006630	-0.210896	0.874753	-0.237867	-0.093321	1	1.907751	0.107701	0.904600	1.780532	-0.144138	1.524065	1.628772	-0.031559	1.521128	1.654338	-0.063992	1.504363	1.739230	-0.185299	0.898265	1.353716	0.131826	0.897716
400	9	0.030000	0.050000	0.625800	-0.142743	0.123099	0.622600	-0.105607	0.092402	0.603914	-0.027344	0.018274	-0.066926	1.356268	0.128100	0.896314	1.739230	-0.185299	0.898265	-0.041498	-0.027781	-0.048241	0.259972	0.120456	0.082284	0.407500	-0.575328	-0.191953	-0.637550	-0.071907	-0.050369	0.869695	-0.221660	0.011561	0.269759	0.234212	0.086123	0.442409	-0.634559	-0.192568	-0.637565	-0.007517	-0.211686	0.908850	-0.279811	-0.078379	1	1.907786	0.107681	0.904600	1.780537	-0.144143	1.524065	1.630886	-0.031058	1.520866	1.659397	-0.069897	1.502180	1.739230	-0.185299	0.898265	1.356268	0.128100	0.896314
401	10	0.030000	0.050000	0.625800	-0.140094	0.123597	0.622396	-0.102825	0.088922	0.603226	-0.026736	0.016974	-0.066320	1.350166	0.127379	0.900028	1.739230	-0.185299	0.898265	-0.044468	-0.030743	-0.047150	0.239306	0.125386	0.075305	0.462473	-0.611374	-0.194212	-0.637450	-0.071783	-0.049109	0.878185	-0.229536	0.012565	0.297499	0.236351	0.099127	0.428356	-0.632251	-0.202943	-0.636449	-0.008053	-0.211378	0.926976	-0.289998	-0.102199	1	1.907503	0.107843	0.904600	1.780497	-0.144103	1.524065	1.633428	-0.031324	1.520662	1.661138	-0.074026	1.501492	1.739230	-0.185299	0.898265	1.350166	0.127379	0.900028
402	11	0.030000	0.050000	0.625800	-0.136830	0.123681	0.622243	-0.095579	0.083416	0.601049	-0.025909	0.016556	-0.066010	1.355771	0.122543	0.898402	1.739230	-0.185299	0.898265	-0.047679	-0.036820	-0.044816	0.207267	0.135074	0.066887	0.543809	-0.662540	-0.198567	-0.639245	-0.073210	-0.049655	0.894126	-0.243032	0.012514	0.310307	0.238575	0.116309	0.416748	-0.627616	-0.198048	-0.634906	-0.002471	-0.216614	0.952875	-0.322645	-0.098009	1	1.909699	0.106571	0.904600	1.780805	-0.144414	1.524065	1.637768	-0.031270	1.520509	1.667610	-0.080589	1.499315	1.739230	-0.185299	0.898265	1.355771	0.122543	0.898402
403	12	0.030000	0.050000	0.625800	-0.133048	0.123414	0.622135	-0.094295	0.081355	0.600772	-0.024722	0.016267	-0.065592	1.352509	0.124819	0.900970	1.739230	-0.185299	0.898265	-0.049287	-0.035379	-0.044228	0.167582	0.148400	0.055651	0.641747	-0.722905	-0.204041	-0.635772	-0.072158	-0.049357	0.901476	-0.253430	0.012574	0.333530	0.241106	0.131013	0.401860	-0.626811	-0.209393	-0.634139	0.003094	-0.213507	0.959045	-0.325458	-0.116404	1	1.910790	0.105932	0.904600	1.780958	-0.144570	1.524065	1.641934	-0.032112	1.520401	1.668720	-0.082642	1.499038	1.739230	-0.185299	0.898265	1.352509	0.124819	0.900970
404	13	0.030000	0.050000	0.625800	-0.128838	0.122853	0.622067	-0.089620	0.077547	0.600068	-0.024047	0.016227	-0.065529	1.356699	0.122791	0.900584	1.739230	-0.185299	0.898265	-0.051695	-0.036935	-0.043529	0.124382	0.163608	0.045197	0.743349	-0.782806	-0.210139	-0.632582	-0.073057	-0.051502	0.913099	-0.267680	0.011607	0.339402	0.241796	0.143039	0.392324	-0.624812	-0.209687	-0.634719	0.013337	-0.212570	0.966928	-0.350169	-0.118904	1	1.912120	0.105144	0.904600	1.781143	-0.144761	1.524065	1.646558	-0.033300	1.520333	1.672721	-0.087209	1.498333	1.739230	-0.185299	0.898265	1.356699	0.122791	0.900584
405	14	0.030000	0.050000	0.625800	-0.124279	0.122050	0.622033	-0.085936	0.079535	0.600243	-0.023225	0.016255	-0.065528	1.358405	0.126219	0.902386	1.739230	-0.185299	0.898265	-0.048346	-0.035191	-0.043738	0.079790	0.178619	0.033787	0.842309	-0.838954	-0.216004	-0.626027	-0.070671	-0.051534	0.917167	-0.278938	0.010921	0.346083	0.245768	0.149333	0.389358	-0.626438	-0.213004	-0.632443	0.019175	-0.204401	0.968820	-0.347665	-0.130647	1	1.910670	0.106003	0.904600	1.780941	-0.144553	1.524065	1.650007	-0.035697	1.520299	1.676300	-0.086554	1.498508	1.739230	-0.185299	0.898265	1.358405	0.126219	0.902386
406	15	0.030000	0.050000	0.625800	-0.119447	0.121054	0.622029	-0.081410	0.078235	0.600301	-0.023216	0.016292	-0.065730	1.362077	0.125051	0.903291	1.739230	-0.185299	0.898265	-0.048472	-0.035113	-0.044002	0.037958	0.190316	0.023893	0.925409	-0.882000	-0.220951	-0.620270	-0.070756	-0.054540	0.925575	-0.293076	0.009106	0.342683	0.249330	0.148007	0.396176	-0.626719	-0.213134	-0.627773	0.029154	-0.201535	0.968837	-0.366770	-0.129209	1	1.909191	0.106868	0.904600	1.780734	-0.144342	1.524065	1.653682	-0.038319	1.520295	1.679861	-0.089260	1.498567	1.739230	-0.185299	0.898265	1.362077	0.125051	0.903291
407	16	0.030000	0.050000	0.625800	-0.114405	0.119909	0.622051	-0.077756	0.080651	0.600968	-0.022966	0.016323	-0.065871	1.365077	0.128164	0.906456	1.739230	-0.185299	0.898265	-0.045217	-0.032557	-0.044789	0.003379	0.197745	0.015673	0.982263	-0.906681	-0.223508	-0.612473	-0.068138	-0.055741	0.927962	-0.304009	0.007261	0.338856	0.253608	0.144646	0.415939	-0.630866	-0.215043	-0.619737	0.033143	-0.194892	0.966936	-0.365456	-0.143060	1	1.907789	0.107679	0.904600	1.780537	-0.144144	1.524065	1.657588	-0.041073	1.520316	1.683535	-0.088096	1.499233	1.739230	-0.185299	0.898265	1.365077	0.128164	0.906456
408	17	0.030000	0.050000	0.625800	-0.109210	0.118652	0.622094	-0.074706	0.079927	0.602021	-0.023509	0.017027	-0.066111	1.370131	0.128298	0.911140	1.739230	-0.185299	0.898265	-0.045956	-0.029730	-0.046038	-0.030183	0.198310	0.010626	1.027387	-0.920412	-0.224908	-0.604606	-0.066904	-0.059068	0.930221	-0.314425	0.004590	0.313716	0.255721	0.127009	0.473003	-0.636605	-0.210338	-0.607337	0.033160	-0.192616	0.963459	-0.378269	-0.149608	1	1.906966	0.108151	0.904600	1.780421	-0.144028	1.524065	1.661921	-0.043778	1.520360	1.686047	-0.089691	1.500286	1.739230	-0.185299	0.898265	1.370131	0.128298	0.911140
409	18	0.030000	0.050000	0.625800	-0.103909	0.117317	0.622157	-0.070524	0.080356	0.603368	-0.025358	0.018212	-0.066406	1.377990	0.128995	0.918333	1.739230	-0.185299	0.898265	-0.046060	-0.027089	-0.047618	-0.064792	0.194979	0.006283	1.068796	-0.929455	-0.226619	-0.595811	-0.064208	-0.060999	0.930444	-0.324212	0.002199	0.261348	0.261056	0.095484	0.567735	-0.656705	-0.208247	-0.597520	0.032810	-0.188719	0.957775	-0.378002	-0.149785	1	1.903392	0.110165	0.904600	1.779917	-0.143531	1.524065	1.665061	-0.047244	1.520422	1.689059	-0.090887	1.501634	1.739230	-0.185299	0.898265	1.377990	0.128995	0.918333
410	19	0.030000	0.050000	0.625800	-0.098545	0.115935	0.622235	-0.065978	0.079587	0.605119	-0.027345	0.019867	-0.066732	1.390322	0.124458	0.924723	1.739230	-0.185299	0.898265	-0.047234	-0.024700	-0.049616	-0.095177	0.193055	0.004367	1.097052	-0.929262	-0.227151	-0.586804	-0.062676	-0.064593	0.931568	-0.334760	-0.000687	0.199528	0.262505	0.070468	0.667767	-0.683652	-0.211833	-0.584677	0.035409	-0.184955	0.948051	-0.386802	-0.158408	1	1.899555	0.112265	0.904600	1.779373	-0.143008	1.524065	1.668217	-0.050729	1.520500	1.692112	-0.093283	1.503385	1.739230	-0.185299	0.898265	1.390322	0.124458	0.924723
411	20	0.030000	0.050000	0.625800	-0.093152	0.114533	0.622327	-0.063161	0.079490	0.607142	-0.029399	0.021739	-0.066933	1.405996	0.118335	0.928708	1.739230	-0.185299	0.898265	-0.048596	-0.020200	-0.051748	-0.125135	0.193483	0.001902	1.119630	-0.924220	-0.226934	-0.577333	-0.060688	-0.067817	0.931622	-0.344902	-0.003497	0.136158	0.264601	0.055483	0.758000	-0.708556	-0.214071	-0.570172	0.038409	-0.181045	0.934510	-0.389635	-0.157780	1	1.895621	0.114351	0.904600	1.778813	-0.142483	1.524065	1.671443	-0.054151	1.520592	1.693642	-0.094581	1.505407	1.739230	-0.185299	0.898265	1.405996	0.118335	0.928708
412	21	0.030000	0.050000	0.625800	-0.087760	0.113134	0.622430	-0.059928	0.078445	0.609558	-0.031637	0.023210	-0.066922	1.424544	0.113965	0.933027	1.739230	-0.185299	0.898265	-0.050964	-0.016845	-0.054049	-0.157408	0.194198	-0.001917	1.143561	-0.918428	-0.227052	-0.568023	-0.058279	-0.070501	0.931098	-0.354120	-0.006345	0.076409	0.267380	0.037350	0.837997	-0.735236	-0.223312	-0.550648	0.039057	-0.179920	0.921420	-0.388808	-0.155002	1	1.892182	0.116121	0.904600	1.778320	-0.142033	1.524065	1.674967	-0.057348	1.520696	1.695577	-0.096759	1.507823	1.739230	-0.185299	0.898265	1.424544	0.113965	0.933027
413	22	0.030000	0.050000	0.625800	-0.082394	0.111762	0.622543	-0.055483	0.078420	0.611411	-0.034028	0.025102	-0.066892	1.452286	0.107941	0.930974	1.739230	-0.185299	0.898265	-0.051955	-0.013814	-0.055759	-0.190288	0.195355	-0.006624	1.163354	-0.908160	-0.226484	-0.558865	-0.055915	-0.073024	0.931667	-0.364556	-0.008912	0.010712	0.269297	0.025485	0.897029	-0.754402	-0.220910	-0.530255	0.043326	-0.176211	0.910963	-0.390359	-0.148357	1	1.887658	0.118374	0.904600	1.777669	-0.141453	1.524065	1.678097	-0.060631	1.520809	1.698627	-0.098238	1.509676	1.739230	-0.185299	0.898265	1.452286	0.107941	0.930974
414	23	0.030000	0.050000	0.625800	-0.077074	0.110435	0.622664	-0.053281	0.077743	0.613353	-0.035835	0.026262	-0.066425	1.470616	0.105279	0.934087	1.739230	-0.185299	0.898265	-0.054215	-0.009753	-0.057115	-0.225311	0.196296	-0.012070	1.186930	-0.899630	-0.226202	-0.549843	-0.053350	-0.075116	0.931569	-0.373873	-0.011443	-0.039858	0.269433	0.008839	0.954886	-0.766947	-0.225315	-0.513849	0.043812	-0.175380	0.902611	-0.390642	-0.148647	1	1.884695	0.119805	0.904600	1.777240	-0.141081	1.524065	1.681905	-0.063438	1.520929	1.699838	-0.099678	1.511619	1.739230	-0.185299	0.898265	1.470616	0.105279	0.934087
415	24	0.030000	0.050000	0.625800	-0.071818	0.109172	0.622791	-0.050400	0.077745	0.615247	-0.037619	0.027948	-0.065658	1.496247	0.102415	0.936357	1.739230	-0.185299	0.898265	-0.055689	-0.005517	-0.058114	-0.260974	0.197101	-0.017476	1.208037	-0.888225	-0.225049	-0.541082	-0.050728	-0.076840	0.931744	-0.383275	-0.013851	-0.097033	0.270593	-0.003535	1.016722	-0.770185	-0.217380	-0.491164	0.043642	-0.173947	0.897276	-0.392072	-0.149421	1	1.882350	0.120912	0.904600	1.776900	-0.140791	1.524065	1.685955	-0.065976	1.521057	1.702026	-0.100444	1.513512	1.739230	-0.185299	0.898265	1.496247	0.102415	0.936357
416	25	0.030000	0.050000	0.625800	-0.066639	0.107987	0.622924	-0.048220	0.076930	0.616621	-0.039066	0.029591	-0.064740	1.521778	0.100393	0.937562	1.739230	-0.185299	0.898265	-0.058097	-0.001095	-0.058438	-0.297573	0.197815	-0.023267	1.228618	-0.875364	-0.224232	-0.533242	-0.048282	-0.078331	0.933712	-0.393159	-0.016153	-0.150296	0.270311	-0.019566	1.066406	-0.768837	-0.220456	-0.471273	0.044869	-0.176425	0.893595	-0.392391	-0.149491	1	1.881462	0.121325	0.904600	1.776771	-0.140682	1.524065	1.690536	-0.068120	1.521189	1.703803	-0.101702	1.514887	1.739230	-0.185299	0.898265	1.521778	0.100393	0.937562
417	26	0.030000	0.050000	0.625800	-0.061547	0.106897	0.623061	-0.046214	0.077415	0.617596	-0.040285	0.030986	-0.063768	1.543998	0.099054	0.939496	1.739230	-0.185299	0.898265	-0.059315	0.003744	-0.058303	-0.334774	0.198165	-0.029772	1.248783	-0.861777	-0.222919	-0.525561	-0.046194	-0.079879	0.935959	-0.403246	-0.018173	-0.196256	0.270695	-0.032328	1.111156	-0.768543	-0.220870	-0.454604	0.046403	-0.178152	0.892427	-0.396514	-0.145581	1	1.881125	0.121481	0.904600	1.776722	-0.140640	1.524065	1.695264	-0.070052	1.521326	1.705769	-0.101578	1.515862	1.739230	-0.185299	0.898265	1.543998	0.099054	0.939496
418	27	0.030000	0.050000	0.625800	-0.056549	0.105914	0.623201	-0.045676	0.077505	0.618023	-0.041083	0.033186	-0.062649	1.573736	0.094128	0.935795	1.739230	-0.185299	0.898265	-0.061245	0.010410	-0.057471	-0.370507	0.198462	-0.036098	1.263534	-0.844543	-0.221068	-0.518502	-0.044119	-0.081133	0.939538	-0.414120	-0.019934	-0.242446	0.268368	-0.035073	1.136211	-0.768305	-0.221435	-0.435548	0.050357	-0.179063	0.892768	-0.398677	-0.141293	1	1.881373	0.121366	0.904600	1.776758	-0.140671	1.524065	1.700137	-0.071777	1.521466	1.706383	-0.101547	1.516289	1.739230	-0.185299	0.898265	1.573736	0.094128	0.935795
419	28	0.030000	0.050000	0.625800	-0.051651	0.105050	0.623344	-0.048845	0.079121	0.618454	-0.041907	0.034193	-0.061451	1.591771	0.101829	0.935718	1.739230	-0.185299	0.898265	-0.063666	0.019814	-0.056561	-0.408402	0.197496	-0.045376	1.283473	-0.830100	-0.220329	-0.511039	-0.042264	-0.082283	0.941283	-0.423227	-0.021658	-0.272563	0.277419	-0.055898	1.153443	-0.766251	-0.225888	-0.421785	0.050749	-0.182973	0.891251	-0.401024	-0.141385	1	1.882756	0.120722	0.904600	1.776959	-0.140841	1.524065	1.705342	-0.073250	1.521609	1.703896	-0.099291	1.516720	1.739230	-0.185299	0.898265	1.591771	0.101829	0.935718
420	29	0.030000	0.050000	0.625800	-0.046856	0.104319	0.623489	-0.042314	0.083025	0.619146	-0.042271	0.035115	-0.060633	1.626569	0.103171	0.933558	1.739230	-0.185299	0.898265	-0.059161	0.021374	-0.056289	-0.444265	0.195867	-0.053197	1.297022	-0.811083	-0.218832	-0.505941	-0.041457	-0.084161	0.948300	-0.435100	-0.023609	-0.314756	0.279473	-0.072048	1.165365	-0.765620	-0.225671	-0.392222	0.052573	-0.188518	0.891499	-0.408144	-0.136983	1	1.883773	0.120243	0.904600	1.777107	-0.140966	1.524065	1.710323	-0.074654	1.521755	1.711271	-0.096407	1.517411	1.739230	-0.185299	0.898265	1.626569	0.103171	0.933558
421	30	0.030000	0.050000	0.625800	-0.042165	0.103731	0.623636	-0.048642	0.083193	0.618567	-0.043467	0.036275	-0.059267	1.642317	0.105476	0.931889	1.739230	-0.185299	0.898265	-0.064734	0.032884	-0.054198	-0.480358	0.193543	-0.062006	1.311890	-0.793245	-0.217189	-0.499975	-0.040468	-0.085036	0.951614	-0.443507	-0.025187	-0.344532	0.286333	-0.087570	1.176572	-0.763369	-0.227547	-0.382779	0.051772	-0.202003	0.892121	-0.408724	-0.134745	1	1.886567	0.118905	0.904600	1.777511	-0.141315	1.524065	1.715854	-0.075793	1.521901	1.705885	-0.094882	1.516833	1.739230	-0.185299	0.898265	1.642317	0.105476	0.931889
422	31	0.030000	0.050000	0.625800	-0.037576	0.103297	0.623784	-0.044550	0.086120	0.618611	-0.044192	0.037457	-0.058337	1.676212	0.102726	0.928290	1.739230	-0.185299	0.898265	-0.062682	0.036098	-0.053163	-0.513163	0.191094	-0.068804	1.318456	-0.770291	-0.214848	-0.495599	-0.040209	-0.086471	0.958937	-0.454806	-0.026690	-0.385302	0.283896	-0.096341	1.174919	-0.762195	-0.226342	-0.360059	0.053152	-0.210387	0.894183	-0.413198	-0.129394	1	1.887972	0.118220	0.904600	1.777714	-0.141493	1.524065	1.720797	-0.076936	1.522050	1.710854	-0.092584	1.516876	1.739230	-0.185299	0.898265	1.676212	0.102726	0.928290
423	32	0.030000	0.050000	0.625800	-0.033089	0.103029	0.623934	-0.047645	0.086901	0.617982	-0.045241	0.038059	-0.057461	1.694841	0.102408	0.924670	1.739230	-0.185299	0.898265	-0.066112	0.044092	-0.051510	-0.545738	0.187927	-0.077664	1.327057	-0.749919	-0.212538	-0.490335	-0.039937	-0.087338	0.963368	-0.463935	-0.027724	-0.404690	0.288012	-0.101886	1.163942	-0.760718	-0.228675	-0.346927	0.053331	-0.220819	0.895325	-0.415082	-0.125479	1	1.889850	0.117293	0.904600	1.777985	-0.141732	1.524065	1.725829	-0.077920	1.522199	1.708533	-0.091068	1.516248	1.739230	-0.185299	0.898265	1.694841	0.102408	0.924670
424	33	0.030000	0.050000	0.625800	-0.028699	0.102937	0.624084	-0.048159	0.089811	0.617324	-0.045817	0.038738	-0.056855	1.719434	0.099781	0.919380	1.739230	-0.185299	0.898265	-0.066004	0.050716	-0.050095	-0.574398	0.184810	-0.085647	1.327876	-0.725965	-0.208659	-0.486495	-0.041318	-0.089162	0.969925	-0.473749	-0.029163	-0.426370	0.294105	-0.098832	1.143242	-0.760699	-0.227648	-0.327786	0.050127	-0.236956	0.895478	-0.419645	-0.113014	1	1.893155	0.115625	0.904600	1.778460	-0.142159	1.524065	1.731292	-0.078731	1.522350	1.709634	-0.087783	1.515590	1.739230	-0.185299	0.898265	1.719434	0.099781	0.919380
425	34	0.030000	0.050000	0.625800	-0.024401	0.103034	0.624236	-0.051051	0.093164	0.616313	-0.046079	0.039208	-0.056181	1.737635	0.096656	0.915891	1.739230	-0.185299	0.898265	-0.066228	0.059249	-0.048258	-0.598543	0.181506	-0.090205	1.321064	-0.698479	-0.203946	-0.482615	-0.042562	-0.090554	0.976713	-0.484070	-0.030077	-0.438633	0.295077	-0.098297	1.133424	-0.750172	-0.221581	-0.308876	0.049266	-0.247991	0.896228	-0.423653	-0.105171	1	1.895699	0.114310	0.904600	1.778824	-0.142493	1.524065	1.736421	-0.079452	1.522501	1.708317	-0.083662	1.514579	1.739230	-0.185299	0.898265	1.737635	0.096656	0.915891
426	35	0.030000	0.050000	0.625800	-0.020190	0.103330	0.624388	-0.052772	0.096418	0.615609	-0.045655	0.038982	-0.055860	1.750528	0.094654	0.914949	1.739230	-0.185299	0.898265	-0.065253	0.065914	-0.047081	-0.619230	0.177244	-0.092980	1.310340	-0.670141	-0.198717	-0.478432	-0.044244	-0.092030	0.983005	-0.495077	-0.030213	-0.439042	0.292818	-0.100252	1.134251	-0.743749	-0.219099	-0.287673	0.047204	-0.255075	0.896876	-0.422310	-0.087016	1	1.899690	0.112192	0.904600	1.779393	-0.143026	1.524065	1.742011	-0.080052	1.522654	1.708706	-0.079708	1.513874	1.739230	-0.185299	0.898265	1.750528	0.094654	0.914949
427	36	0.030000	0.050000	0.625800	-0.016059	0.103838	0.624542	-0.052147	0.100656	0.615063	-0.044601	0.037964	-0.056117	1.759126	0.095626	0.913858	1.739230	-0.185299	0.898265	-0.061795	0.069852	-0.046638	-0.637379	0.172796	-0.094598	1.297059	-0.641449	-0.193778	-0.473545	-0.046201	-0.093227	0.987246	-0.505332	-0.029732	-0.430486	0.289034	-0.104778	1.131924	-0.730338	-0.203204	-0.267245	0.041196	-0.260312	0.898291	-0.419597	-0.065770	1	1.903678	0.110006	0.904600	1.779958	-0.143570	1.524065	1.747564	-0.080558	1.522808	1.711716	-0.075327	1.513328	1.739230	-0.185299	0.898265	1.759126	0.095626	0.913858
428	37	0.030000	0.050000	0.625800	-0.011999	0.104569	0.624697	-0.053999	0.105433	0.614752	-0.044092	0.037122	-0.056448	1.761962	0.096679	0.912544	1.739230	-0.185299	0.898265	-0.059508	0.076200	-0.046503	-0.651322	0.169194	-0.093932	1.277202	-0.610456	-0.187476	-0.465598	-0.046555	-0.092143	0.983510	-0.510307	-0.028473	-0.424785	0.284978	-0.102729	1.128345	-0.710334	-0.192156	-0.257947	0.031464	-0.263901	0.898197	-0.419555	-0.059918	1	1.906699	0.108303	0.904600	1.780384	-0.143990	1.524065	1.752755	-0.080916	1.522963	1.712198	-0.069968	1.513018	1.739230	-0.185299	0.898265	1.761962	0.096679	0.912544
429	38	0.030000	0.050000	0.625800	-0.008002	0.105539	0.624854	-0.054576	0.109020	0.614815	-0.044019	0.036064	-0.056792	1.763758	0.097065	0.911576	1.739230	-0.185299	0.898265	-0.058837	0.080355	-0.046753	-0.662038	0.165740	-0.092583	1.254310	-0.579690	-0.180096	-0.457316	-0.047032	-0.091049	0.980365	-0.516079	-0.026451	-0.417081	0.282754	-0.095980	1.121706	-0.694354	-0.186961	-0.248190	0.025498	-0.262160	0.897029	-0.419210	-0.053860	1	1.906355	0.108500	0.904600	1.780335	-0.143942	1.524065	1.756745	-0.080917	1.523120	1.712361	-0.066379	1.513081	1.739230	-0.185299	0.898265	1.763758	0.097065	0.911576
430	39	0.030000	0.050000	0.625800	-0.004058	0.106759	0.625013	-0.057518	0.112291	0.615145	-0.044613	0.035136	-0.057028	1.762576	0.097229	0.911342	1.739230	-0.185299	0.898265	-0.060408	0.086508	-0.047160	-0.670076	0.162154	-0.090139	1.229352	-0.549376	-0.171687	-0.448081	-0.048344	-0.090292	0.975559	-0.521083	-0.023927	-0.411848	0.282864	-0.088145	1.118161	-0.678942	-0.180694	-0.240366	0.020743	-0.261571	0.891379	-0.418001	-0.043250	1	1.905201	0.109153	0.904600	1.780173	-0.143781	1.524065	1.760456	-0.080592	1.523279	1.709807	-0.062613	1.513411	1.739230	-0.185299	0.898265	1.762576	0.097229	0.911342
431	40	0.030000	0.050000	0.625800	-0.000156	0.108247	0.625175	-0.058171	0.116543	0.615688	-0.044759	0.034175	-0.057484	1.762838	0.097551	0.910817	1.739230	-0.185299	0.898265	-0.060148	0.090724	-0.047998	-0.676273	0.158040	-0.087871	1.205263	-0.521749	-0.162426	-0.439955	-0.050223	-0.089371	0.973689	-0.527535	-0.021410	-0.402303	0.284833	-0.078289	1.111804	-0.667219	-0.157557	-0.225359	0.016865	-0.260178	0.883070	-0.415087	-0.037936	1	1.903327	0.110201	0.904600	1.779908	-0.143522	1.524065	1.763930	-0.079908	1.523440	1.709369	-0.058514	1.513954	1.739230	-0.185299	0.898265	1.762838	0.097551	0.910817
432	41	0.030000	0.050000	0.625800	0.003715	0.110017	0.625339	-0.063667	0.119026	0.616401	-0.044532	0.033701	-0.057756	1.758943	0.097024	0.910304	1.739230	-0.185299	0.898265	-0.063320	0.099035	-0.048819	-0.680462	0.154062	-0.084714	1.181650	-0.496262	-0.153406	-0.429765	-0.052334	-0.088206	0.967595	-0.531865	-0.017889	-0.390390	0.283691	-0.068312	1.104790	-0.656312	-0.138715	-0.215780	0.013431	-0.257928	0.870926	-0.410142	-0.028485	1	1.901794	0.111047	0.904600	1.779691	-0.143312	1.524065	1.767553	-0.078926	1.523604	1.703915	-0.055017	1.514667	1.739230	-0.185299	0.898265	1.758943	0.097024	0.910304
433	42	0.030000	0.050000	0.625800	0.007568	0.112087	0.625506	-0.063328	0.124846	0.617216	-0.043338	0.032985	-0.058232	1.762810	0.098591	0.910100	1.739230	-0.185299	0.898265	-0.060475	0.102952	-0.049941	-0.682984	0.149584	-0.081429	1.159830	-0.473783	-0.144905	-0.421852	-0.055029	-0.086787	0.967489	-0.539508	-0.014745	-0.378851	0.282055	-0.061536	1.098279	-0.649156	-0.123719	-0.194645	0.009988	-0.251875	0.859907	-0.409738	-0.027413	1	1.900207	0.111913	0.904600	1.779466	-0.143096	1.524065	1.771197	-0.077601	1.523772	1.704826	-0.049603	1.515481	1.739230	-0.185299	0.898265	1.762810	0.098591	0.910100
434	43	0.030000	0.050000	0.625800	0.011415	0.114476	0.625678	-0.070323	0.128066	0.617682	-0.042377	0.032996	-0.058451	1.758664	0.098894	0.909165	1.739230	-0.185299	0.898265	-0.063295	0.113172	-0.050455	-0.683560	0.145829	-0.077005	1.139692	-0.454515	-0.137380	-0.411317	-0.057774	-0.084454	0.959974	-0.542701	-0.010277	-0.364712	0.275484	-0.054599	1.090328	-0.639403	-0.109908	-0.184947	0.002523	-0.249920	0.848283	-0.406300	-0.021162	1	1.899702	0.112185	0.904600	1.779394	-0.143028	1.524065	1.775289	-0.076053	1.523943	1.698469	-0.044997	1.515947	1.739230	-0.185299	0.898265	1.758664	0.098894	0.909165
435	44	0.030000	0.050000	0.625800	0.015270	0.117204	0.625854	-0.068809	0.134191	0.618690	-0.040828	0.032647	-0.059015	1.761691	0.099114	0.908963	1.739230	-0.185299	0.898265	-0.060175	0.116214	-0.051852	-0.680351	0.143322	-0.070054	1.118065	-0.436887	-0.131382	-0.401851	-0.061736	-0.082612	0.956134	-0.549066	-0.005374	-0.353225	0.261099	-0.048090	1.082385	-0.637049	-0.107740	-0.167153	-0.007568	-0.242715	0.839548	-0.406015	-0.008113	1	1.897647	0.113285	0.904600	1.779102	-0.142752	1.524065	1.778878	-0.073953	1.524119	1.700274	-0.039614	1.516956	1.739230	-0.185299	0.898265	1.761691	0.099114	0.908963
436	45	0.030000	0.050000	0.625800	0.019148	0.120294	0.626035	-0.073322	0.138446	0.619430	-0.039804	0.032986	-0.059183	1.759266	0.100322	0.908673	1.739230	-0.185299	0.898265	-0.062462	0.124457	-0.052578	-0.675940	0.141094	-0.063094	1.101183	-0.424940	-0.125980	-0.389667	-0.064809	-0.079617	0.946289	-0.551862	0.001173	-0.339376	0.246381	-0.041528	1.072568	-0.636480	-0.107728	-0.159849	-0.016516	-0.230220	0.831298	-0.403901	0.003625	1	1.894719	0.114820	0.904600	1.778684	-0.142364	1.524065	1.782208	-0.071325	1.524301	1.695287	-0.034925	1.517696	1.739230	-0.185299	0.898265	1.759266	0.100322	0.908673
437	46	0.030000	0.050000	0.625800	0.023066	0.123771	0.626223	-0.074431	0.143601	0.620359	-0.038170	0.033317	-0.059506	1.759538	0.099250	0.908405	1.739230	-0.185299	0.898265	-0.062646	0.129752	-0.053643	-0.668904	0.139880	-0.054329	1.086486	-0.417257	-0.121503	-0.378074	-0.069241	-0.077180	0.938791	-0.556362	0.007940	-0.326124	0.226073	-0.033533	1.062427	-0.636824	-0.106181	-0.148634	-0.025217	-0.215837	0.822606	-0.408794	0.019322	1	1.890936	0.116750	0.904600	1.778141	-0.141872	1.524065	1.785277	-0.068120	1.524488	1.693287	-0.030216	1.518625	1.739230	-0.185299	0.898265	1.759538	0.099250	0.908405
438	47	0.030000	0.050000	0.625800	0.027040	0.127665	0.626417	-0.074490	0.148286	0.621304	-0.036719	0.033630	-0.059818	1.759295	0.097844	0.908127	1.739230	-0.185299	0.898265	-0.064257	0.133506	-0.054705	-0.660102	0.138624	-0.045161	1.076649	-0.415705	-0.118377	-0.366156	-0.073655	-0.074321	0.931284	-0.560518	0.015627	-0.312872	0.203592	-0.028819	1.050496	-0.637019	-0.104929	-0.139217	-0.029333	-0.196553	0.813785	-0.415087	0.031587	1	1.884805	0.119752	0.904600	1.777256	-0.141095	1.524065	1.787478	-0.064049	1.524683	1.690899	-0.026549	1.519569	1.739230	-0.185299	0.898265	1.759295	0.097844	0.908127
439	48	0.032436	0.055622	0.625954	0.031089	0.132002	0.626620	-0.073381	0.155456	0.622248	-0.035526	0.033870	-0.060093	1.758401	0.103822	0.907981	1.739230	-0.185299	0.898265	-0.064431	0.136965	-0.055722	-0.649145	0.135072	-0.037173	1.070472	-0.419550	-0.118735	-0.353069	-0.078556	-0.071028	0.920892	-0.563061	0.024361	-0.304538	0.179926	-0.040577	1.038334	-0.640533	-0.097262	-0.133064	-0.035835	-0.174871	0.805306	-0.423275	0.046563	1	1.877201	0.123266	0.904600	1.779373	-0.134955	1.524219	1.789092	-0.059184	1.524885	1.689115	-0.020861	1.520514	1.739230	-0.185299	0.898265	1.758401	0.103822	0.907981
440	49	0.038794	0.070295	0.626356	0.035225	0.136800	0.626830	-0.074028	0.160383	0.623142	-0.034148	0.034480	-0.060317	1.757524	0.103427	0.907795	1.739230	-0.185299	0.898265	-0.066910	0.141339	-0.056629	-0.637004	0.132940	-0.026476	1.066532	-0.427115	-0.116286	-0.340716	-0.084569	-0.066923	0.910950	-0.565349	0.033329	-0.295232	0.153771	-0.039801	1.026301	-0.640720	-0.093468	-0.125071	-0.047605	-0.162497	0.797056	-0.429218	0.057299	1	1.872282	0.125418	0.904600	1.786766	-0.120594	1.524621	1.791802	-0.054183	1.525096	1.686503	-0.016709	1.521408	1.739230	-0.185299	0.898265	1.757524	0.103427	0.907795
441	50	0.047648	0.090727	0.626915	0.039447	0.142048	0.627049	-0.076088	0.165915	0.623911	-0.032566	0.035050	-0.060598	1.753443	0.104953	0.907289	1.739230	-0.185299	0.898265	-0.069400	0.147127	-0.057460	-0.626122	0.129240	-0.016607	1.065619	-0.436777	-0.111161	-0.327135	-0.091588	-0.062847	0.898072	-0.566108	0.043145	-0.284434	0.134068	-0.035917	1.014924	-0.643333	-0.087060	-0.120094	-0.062254	-0.152480	0.787469	-0.434637	0.073198	1	1.868805	0.126884	0.904600	1.797241	-0.100821	1.525180	1.795146	-0.048891	1.525315	1.683231	-0.011571	1.522177	1.739230	-0.185299	0.898265	1.753443	0.104953	0.907289
442	51	0.057572	0.113627	0.627542	0.043739	0.147695	0.627276	-0.077202	0.172391	0.623902	-0.031213	0.036279	-0.060518	1.755492	0.105085	0.906323	1.739230	-0.185299	0.898265	-0.071016	0.153123	-0.057145	-0.611174	0.124686	-0.005834	1.056319	-0.442491	-0.101792	-0.314051	-0.098498	-0.057876	0.885747	-0.566635	0.053675	-0.282099	0.117919	-0.023342	1.003172	-0.638040	-0.064698	-0.118423	-0.077074	-0.140923	0.784878	-0.438748	0.081441	1	1.866145	0.127975	0.904600	1.808890	-0.078654	1.525807	1.798869	-0.043277	1.525541	1.681356	-0.005495	1.522167	1.739230	-0.185299	0.898265	1.755492	0.105085	0.906323
443	52	0.067138	0.135704	0.628146	0.048071	0.153661	0.627507	-0.078941	0.176996	0.623884	-0.029837	0.037537	-0.060358	1.756456	0.105342	0.905939	1.739230	-0.185299	0.898265	-0.074127	0.158843	-0.056736	-0.597768	0.119167	0.004255	1.049330	-0.448827	-0.092223	-0.300728	-0.106703	-0.053966	0.872823	-0.566969	0.064732	-0.280812	0.103747	-0.013258	0.996107	-0.636916	-0.051343	-0.119838	-0.091366	-0.132299	0.783975	-0.446890	0.099941	1	1.865513	0.128230	0.904600	1.820558	-0.057592	1.526412	1.803530	-0.037691	1.525772	1.679759	-0.000848	1.522150	1.739230	-0.185299	0.898265	1.756456	0.105342	0.905939
444	53	0.074923	0.153668	0.628638	0.052407	0.159850	0.627740	-0.078777	0.184286	0.622665	-0.028686	0.038883	-0.060031	1.756649	0.105848	0.904542	1.739230	-0.185299	0.898265	-0.076068	0.163627	-0.054955	-0.584767	0.112968	0.014274	1.041819	-0.454361	-0.084311	-0.287907	-0.115286	-0.050585	0.861232	-0.567787	0.076317	-0.282883	0.085816	-0.011249	0.993457	-0.636252	-0.046228	-0.122471	-0.100970	-0.119536	0.787230	-0.454845	0.120766	1	1.860669	0.130138	0.904600	1.827987	-0.039184	1.526903	1.806136	-0.030955	1.526006	1.677760	0.005458	1.520931	1.739230	-0.185299	0.898265	1.756649	0.105848	0.904542
445	54	0.080137	0.165701	0.628967	0.056712	0.166173	0.627974	-0.079447	0.189491	0.622025	-0.027808	0.040025	-0.059722	1.757415	0.106139	0.904310	1.739230	-0.185299	0.898265	-0.079978	0.167936	-0.053772	-0.572904	0.106100	0.023353	1.036387	-0.460948	-0.075234	-0.274948	-0.123519	-0.046557	0.849194	-0.567926	0.087764	-0.283429	0.071669	-0.007285	0.991923	-0.637821	-0.038700	-0.123835	-0.108333	-0.106653	0.787963	-0.459431	0.129398	1	1.857601	0.131302	0.904600	1.832752	-0.026767	1.527233	1.809446	-0.024366	1.526240	1.675673	0.010096	1.520290	1.739230	-0.185299	0.898265	1.757415	0.106139	0.904310
446	55	0.082573	0.171323	0.629121	0.060963	0.172565	0.628207	-0.078696	0.196384	0.620529	-0.026867	0.041099	-0.059380	1.757790	0.106080	0.903205	1.739230	-0.185299	0.898265	-0.082699	0.171309	-0.051702	-0.561706	0.099022	0.032378	1.031814	-0.468020	-0.066633	-0.262769	-0.132630	-0.043393	0.838734	-0.568922	0.099410	-0.283002	0.054599	-0.005410	0.991028	-0.637063	-0.029498	-0.124116	-0.114614	-0.091480	0.792139	-0.468190	0.147013	1	1.852166	0.133282	0.904600	1.832824	-0.019739	1.527387	1.811341	-0.017087	1.526472	1.673538	0.015809	1.518795	1.739230	-0.185299	0.898265	1.757790	0.106080	0.903205
